Aasta;Test;Testi ID;Sugu;Kooli tüüp;Õppekeel;Soorituskeel;Maakond;Õppeasutus;Õppevorm;Sooritajaid;Max võimalik pallide arv;Keskmine;Keskmine (%);Mediaan;St hälve;Min punktide saajad;Max punktide saajad;Min;Max;AUP;ÜUP
2019;Matemaatika (riigieksam 2019) (Lai);4551;M;kutseõppeasutus;eesti;Eesti keel;Harju maakond;Tallinna Polütehnikum;statsionaarne õpe - koolipõhine õpe;23;100;9,1;9,1;6;9,5;3;0;0;40;5;13,3
2019;Matemaatika (riigieksam 2019) (Lai);4551;M;kutseõppeasutus;vene;Vene keel;Harju maakond;Tallinna Polütehnikum;statsionaarne õpe - koolipõhine õpe;19;100;15,7;15,7;11;13,6;0;0;6;63;9,1;22,3
2019;Matemaatika (riigieksam 2019) (Lai);4551;M;põhikool või gümnaasium;eesti;Eesti keel;Harju maakond;Pirita Majandusgümnaasium;statsionaarne õpe;24;100;17,2;17,2;12,5;13,9;0;0;2;63;11,4;23,1
2019;Matemaatika (riigieksam 2019) (Lai);4551;M;põhikool või gümnaasium;eesti;Eesti keel;Harju maakond;Tallinna Kuristiku Gümnaasium;statsionaarne õpe;5;100;74;74;82;22,1;0;0;48;95;46,6;101,4
2019;Matemaatika (riigieksam 2019) (Lai);4551;M;põhikool või gümnaasium;eesti;Eesti keel;Harju maakond;Tallinna Arte Gümnaasium;statsionaarne õpe;12;100;30,6;30,6;23,5;21,6;0;0;2;78;16,9;44,3
2019;Matemaatika (riigieksam 2019) (Lai);4551;M;põhikool või gümnaasium;eesti;Eesti keel;Harju maakond;Tallinna Saksa Gümnaasium;statsionaarne õpe;7;100;27;27;31;17,1;0;0;6;54;11,2;42,8
2019;Matemaatika (riigieksam 2019) (Lai);4551;M;põhikool või gümnaasium;eesti;Eesti keel;Harju maakond;Tallinna Humanitaargümnaasium;statsionaarne õpe;6;100;57,7;57,7;62;17;0;0;31;73;39,8;75,5
2019;Matemaatika (riigieksam 2019) (Lai);4551;M;põhikool või gümnaasium;eesti;Eesti keel;Harju maakond;Tallinna 32. Keskkool;statsionaarne õpe;28;100;37,6;37,6;34;22,9;0;0;1;85;28,7;46,5
2019;Matemaatika (riigieksam 2019) (Lai);4551;M;põhikool või gümnaasium;eesti;Eesti keel;Harju maakond;Tallinna Mustamäe Gümnaasium;statsionaarne õpe;12;100;45,8;45,8;45,5;16,6;0;0;20;73;35,3;56,4
2019;Matemaatika (riigieksam 2019) (Lai);4551;M;põhikool või gümnaasium;eesti;Eesti keel;Harju maakond;Tallinna Järveotsa Gümnaasium;statsionaarne õpe;8;100;47,2;47,2;44,5;15,8;0;0;30;67;34,1;60,4
2019;Matemaatika (riigieksam 2019) (Lai);4551;M;põhikool või gümnaasium;eesti;Eesti keel;Harju maakond;Kadrioru Saksa Gümnaasium;statsionaarne õpe;11;100;38;38;31;28;0;0;8;98;19,2;56,8
2019;Matemaatika (riigieksam 2019) (Lai);4551;M;põhikool või gümnaasium;eesti;Eesti keel;Harju maakond;Vanalinna Hariduskolleegium;statsionaarne õpe;26;100;49;49;51,5;32;0;0;6;94;36,1;61,9
2019;Matemaatika (riigieksam 2019) (Lai);4551;M;põhikool või gümnaasium;eesti;Eesti keel;Harju maakond;Tallinna Lilleküla Gümnaasium;statsionaarne õpe;16;100;50,5;50,5;52;18,4;0;0;21;79;40,7;60,3
2019;Matemaatika (riigieksam 2019) (Lai);4551;M;põhikool või gümnaasium;eesti;Eesti keel;Harju maakond;Tallinna Nõmme Gümnaasium;statsionaarne õpe;15;100;52,1;52,1;53;21;0;0;13;84;40,4;63,7
2019;Matemaatika (riigieksam 2019) (Lai);4551;M;põhikool või gümnaasium;eesti;Eesti keel;Harju maakond;Tallinna Õismäe Gümnaasium;statsionaarne õpe;11;100;62,2;62,2;58;18,9;0;0;38;96;49,5;74,9
2019;Matemaatika (riigieksam 2019) (Lai);4551;M;põhikool või gümnaasium;eesti;Eesti keel;Harju maakond;Pelgulinna Gümnaasium;statsionaarne õpe;13;100;12,8;12,8;7;15,6;1;0;0;53;3,3;22,2
2019;Matemaatika (riigieksam 2019) (Lai);4551;M;põhikool või gümnaasium;eesti;Eesti keel;Harju maakond;Tallinna Reaalkool;statsionaarne õpe;55;100;84,5;84,5;89;15,1;0;4;36;100;80,4;88,6
2019;Matemaatika (riigieksam 2019) (Lai);4551;M;põhikool või gümnaasium;eesti;Eesti keel;Harju maakond;Tallinna Ühisgümnaasium;statsionaarne õpe;17;100;44,5;44,5;48;20,5;0;0;14;80;34;55,1
2019;Matemaatika (riigieksam 2019) (Lai);4551;M;põhikool või gümnaasium;eesti;Eesti keel;Harju maakond;Tallinna Vanalinna Täiskasvanute Gümnaasium;mittestatsionaarne õpe;20;100;25,6;25,6;18;21,8;0;0;4;69;15,4;35,7
2019;Matemaatika (riigieksam 2019) (Lai);4551;M;põhikool või gümnaasium;eesti;Eesti keel;Harju maakond;Tallinna Prantsuse Lütseum;statsionaarne õpe;17;100;72,1;72,1;66;14,4;0;0;52;99;64,7;79,5
2019;Matemaatika (riigieksam 2019) (Lai);4551;M;põhikool või gümnaasium;eesti;Eesti keel;Harju maakond;Saku Gümnaasium;statsionaarne õpe;19;100;52,9;52,9;54;25,6;0;0;7;97;40,6;65,3
2019;Matemaatika (riigieksam 2019) (Lai);4551;M;põhikool või gümnaasium;eesti;Eesti keel;Harju maakond;Saue Gümnaasium;statsionaarne õpe;14;100;62,4;62,4;65,5;25,5;0;0;24;96;47,7;77,2
2019;Matemaatika (riigieksam 2019) (Lai);4551;M;põhikool või gümnaasium;eesti;Eesti keel;Harju maakond;Tabasalu Ühisgümnaasium;statsionaarne õpe;8;100;54,5;54,5;51;22,6;0;0;31;87;35,6;73,4
2019;Matemaatika (riigieksam 2019) (Lai);4551;M;põhikool või gümnaasium;eesti;Eesti keel;Harju maakond;Gustav Adolfi Gümnaasium;statsionaarne õpe;50;100;74,3;74,3;80,5;20;0;1;20;100;68,6;80
2019;Matemaatika (riigieksam 2019) (Lai);4551;M;põhikool või gümnaasium;eesti;Eesti keel;Harju maakond;Jakob Westholmi Gümnaasium;statsionaarne õpe;17;100;58,8;58,8;60;13,7;0;0;41;90;51,7;65,8
2019;Matemaatika (riigieksam 2019) (Lai);4551;M;põhikool või gümnaasium;eesti;Eesti keel;Harju maakond;Jüri Gümnaasium;statsionaarne õpe;13;100;52,8;52,8;51;25,5;0;0;15;95;37,4;68,2
2019;Matemaatika (riigieksam 2019) (Lai);4551;M;põhikool või gümnaasium;eesti;Eesti keel;Harju maakond;Kiili Gümnaasium;statsionaarne õpe;6;100;59,7;59,7;59;25,4;0;0;28;92;33;86,3
2019;Matemaatika (riigieksam 2019) (Lai);4551;M;põhikool või gümnaasium;eesti;Eesti keel;Harju maakond;Kose Gümnaasium;statsionaarne õpe;6;100;65,3;65,3;62;14,7;0;0;48;89;49,9;80,8
2019;Matemaatika (riigieksam 2019) (Lai);4551;M;põhikool või gümnaasium;eesti;Eesti keel;Harju maakond;Loo Keskkool;statsionaarne õpe;7;100;53,7;53,7;62;24,9;0;0;14;89;30,7;76,7
2019;Matemaatika (riigieksam 2019) (Lai);4551;M;põhikool või gümnaasium;eesti;Eesti keel;Harju maakond;Kuusalu Keskkool;statsionaarne õpe;5;100;73,2;73,2;72;19,8;0;1;53;100;48,7;97,7
2019;Matemaatika (riigieksam 2019) (Lai);4551;M;põhikool või gümnaasium;eesti;Eesti keel;Harju maakond;Tallinna 21. Kool;statsionaarne õpe;36;100;62,4;62,4;63;22,5;0;0;18;95;54,7;70
2019;Matemaatika (riigieksam 2019) (Lai);4551;M;põhikool või gümnaasium;eesti;Eesti keel;Harju maakond;Tallinna Laagna Gümnaasium;statsionaarne õpe;9;100;49,6;49,6;44;24,6;0;0;16;79;30,6;68,5
2019;Matemaatika (riigieksam 2019) (Lai);4551;M;põhikool või gümnaasium;eesti;Eesti keel;Harju maakond;Tallinna Kristiine Gümnaasium;statsionaarne õpe;9;100;67,3;67,3;69;19,1;0;0;30;88;52,7;82
2019;Matemaatika (riigieksam 2019) (Lai);4551;M;põhikool või gümnaasium;eesti;Eesti keel;Harju maakond;Rocca al Mare Kool;statsionaarne õpe;19;100;46,8;46,8;48;24,6;0;0;14;94;35;58,7
2019;Matemaatika (riigieksam 2019) (Lai);4551;M;põhikool või gümnaasium;eesti;Eesti keel;Harju maakond;Tallinna Tehnikagümnaasium;statsionaarne õpe;32;100;42,2;42,2;39;31,3;0;0;4;97;30,9;53,5
2019;Matemaatika (riigieksam 2019) (Lai);4551;M;põhikool või gümnaasium;eesti;Eesti keel;Harju maakond;Tallinna Täiskasvanute Gümnaasium;mittestatsionaarne õpe;6;100;47,2;47,2;36;31,3;0;0;18;90;14,3;80
2019;Matemaatika (riigieksam 2019) (Lai);4551;M;põhikool või gümnaasium;eesti;Eesti keel;Harju maakond;Tallinna Inglise Kolledž;statsionaarne õpe;9;100;85,8;85,8;88;11,2;0;0;69;99;77,2;94,4
2019;Matemaatika (riigieksam 2019) (Lai);4551;M;põhikool või gümnaasium;eesti;Eesti keel;Harju maakond;Keila Kool;statsionaarne õpe;29;100;46,3;46,3;44;23,7;0;0;6;94;37,3;55,3
2019;Matemaatika (riigieksam 2019) (Lai);4551;M;põhikool või gümnaasium;eesti;Eesti keel;Harju maakond;Viimsi Gümnaasium;statsionaarne õpe;28;100;43;43;40,5;24,5;0;0;7;98;33,5;52,5
2019;Matemaatika (riigieksam 2019) (Lai);4551;M;põhikool või gümnaasium;eesti;Eesti keel;Harju maakond;Audentese Spordigümnaasium;statsionaarne õpe;26;100;31,4;31,4;21,5;25,7;0;0;7;97;21;41,8
2019;Matemaatika (riigieksam 2019) (Lai);4551;M;põhikool või gümnaasium;eesti;Eesti keel;Harju maakond;Tallinna Pääsküla Kool;statsionaarne õpe;6;100;8,8;8,8;8;6,5;0;0;3;21;2,1;15,6
2019;Matemaatika (riigieksam 2019) (Lai);4551;M;põhikool või gümnaasium;eesti;Eesti keel;Hiiu maakond;Hiiumaa Gümnaasium;statsionaarne õpe;15;100;40,1;40,1;32;25,4;0;0;4;87;26;54,1
2019;Matemaatika (riigieksam 2019) (Lai);4551;M;põhikool või gümnaasium;eesti;Eesti keel;Ida-Viru maakond;Toila Gümnaasium;statsionaarne õpe;5;100;55,4;55,4;65;26,7;0;0;21;84;22,2;88,6
2019;Matemaatika (riigieksam 2019) (Lai);4551;M;põhikool või gümnaasium;eesti;Eesti keel;Ida-Viru maakond;Kohtla-Järve Järve Gümnaasium;statsionaarne õpe;12;100;45,2;45,2;49,5;23,1;0;0;17;80;30,6;59,9
2019;Matemaatika (riigieksam 2019) (Lai);4551;M;põhikool või gümnaasium;eesti;Eesti keel;Ida-Viru maakond;Kiviõli I Keskkool;statsionaarne õpe;6;100;41,5;41,5;35,5;28;0;0;14;94;12,1;70,9
2019;Matemaatika (riigieksam 2019) (Lai);4551;M;põhikool või gümnaasium;eesti;Eesti keel;Ida-Viru maakond;Jõhvi Gümnaasium;statsionaarne õpe;23;100;39,5;39,5;40;25,7;0;0;4;99;28,4;50,7
2019;Matemaatika (riigieksam 2019) (Lai);4551;M;põhikool või gümnaasium;eesti;Eesti keel;Jõgeva maakond;Oskar Lutsu Palamuse Gümnaasium;statsionaarne õpe;5;100;34;34;34;13,8;0;0;15;54;16,9;51,1
2019;Matemaatika (riigieksam 2019) (Lai);4551;M;põhikool või gümnaasium;eesti;Eesti keel;Jõgeva maakond;Põltsamaa Ühisgümnaasium;statsionaarne õpe;12;100;41,8;41,8;37,5;25;0;0;16;92;25,9;57,6
2019;Matemaatika (riigieksam 2019) (Lai);4551;M;põhikool või gümnaasium;eesti;Eesti keel;Jõgeva maakond;Jõgevamaa Gümnaasium;statsionaarne õpe;12;100;66,2;66,2;68,5;21,8;0;0;32;93;52,4;80,1
2019;Matemaatika (riigieksam 2019) (Lai);4551;M;põhikool või gümnaasium;eesti;Eesti keel;Järva maakond;Türi Ühisgümnaasium;statsionaarne õpe;22;100;22,2;22,2;20;15,1;1;0;0;64;15,5;28,9
2019;Matemaatika (riigieksam 2019) (Lai);4551;M;põhikool või gümnaasium;eesti;Eesti keel;Järva maakond;Paide Gümnaasium;statsionaarne õpe;18;100;38,8;38,8;31;22,7;0;0;12;82;27,6;50,1
2019;Matemaatika (riigieksam 2019) (Lai);4551;M;põhikool või gümnaasium;eesti;Eesti keel;Lääne maakond;Noarootsi Gümnaasium;statsionaarne õpe;10;100;46,3;46,3;43,5;19,5;0;0;24;92;32,4;60,2
2019;Matemaatika (riigieksam 2019) (Lai);4551;M;põhikool või gümnaasium;eesti;Eesti keel;Lääne maakond;Läänemaa Ühisgümnaasium;statsionaarne õpe;23;100;69,8;69,8;67;20,3;0;1;36;100;61;78,6
2019;Matemaatika (riigieksam 2019) (Lai);4551;M;põhikool või gümnaasium;eesti;Eesti keel;Lääne-Viru maakond;Väike-Maarja Gümnaasium;statsionaarne õpe;6;100;42,8;42,8;36,5;18,4;0;0;25;74;23,5;62,2
2019;Matemaatika (riigieksam 2019) (Lai);4551;M;põhikool või gümnaasium;eesti;Eesti keel;Lääne-Viru maakond;Vinni-Pajusti Gümnaasium;statsionaarne õpe;8;100;72,4;72,4;79;19,8;0;0;44;94;55,8;89
2019;Matemaatika (riigieksam 2019) (Lai);4551;M;põhikool või gümnaasium;eesti;Eesti keel;Lääne-Viru maakond;Rakvere Gümnaasium;statsionaarne õpe;15;100;48,7;48,7;48;26,2;0;0;10;95;34,2;63,2
2019;Matemaatika (riigieksam 2019) (Lai);4551;M;põhikool või gümnaasium;eesti;Eesti keel;Lääne-Viru maakond;Rakvere Reaalgümnaasium;statsionaarne õpe;19;100;32,7;32,7;29;25,2;0;0;2;83;20,6;44,9
2019;Matemaatika (riigieksam 2019) (Lai);4551;M;põhikool või gümnaasium;eesti;Eesti keel;Lääne-Viru maakond;Kadrina Keskkool;statsionaarne õpe;7;100;53,9;53,9;53;27,4;0;0;23;97;28,5;79,2
2019;Matemaatika (riigieksam 2019) (Lai);4551;M;põhikool või gümnaasium;eesti;Eesti keel;Põlva maakond;Räpina Ühisgümnaasium;statsionaarne õpe;5;100;40;40;36;22,5;0;0;17;71;12,1;67,9
2019;Matemaatika (riigieksam 2019) (Lai);4551;M;põhikool või gümnaasium;eesti;Eesti keel;Põlva maakond;Põlva Gümnaasium;statsionaarne õpe;30;100;36,4;36,4;33;19,7;0;0;13;84;29;43,7
2019;Matemaatika (riigieksam 2019) (Lai);4551;M;põhikool või gümnaasium;eesti;Eesti keel;Pärnu maakond;Pärnu Koidula Gümnaasium;statsionaarne õpe;59;100;67,4;67,4;67;21,5;0;1;19;100;61,8;73
2019;Matemaatika (riigieksam 2019) (Lai);4551;M;põhikool või gümnaasium;eesti;Eesti keel;Pärnu maakond;Pärnu Täiskasvanute Gümnaasium;mittestatsionaarne õpe;7;100;9,7;9,7;10;4;0;0;3;15;6;13,4
2019;Matemaatika (riigieksam 2019) (Lai);4551;M;põhikool või gümnaasium;eesti;Eesti keel;Pärnu maakond;Pärnu Ühisgümnaasium;statsionaarne õpe;11;100;29,9;29,9;30;17,3;0;0;1;61;18,3;41,5
2019;Matemaatika (riigieksam 2019) (Lai);4551;M;põhikool või gümnaasium;eesti;Eesti keel;Pärnu maakond;Vändra Gümnaasium;statsionaarne õpe;5;100;68,6;68,6;69;22,4;0;0;35;96;40,8;96,4
2019;Matemaatika (riigieksam 2019) (Lai);4551;M;põhikool või gümnaasium;eesti;Eesti keel;Pärnu maakond;Kilingi-Nõmme Gümnaasium;statsionaarne õpe;11;100;25,7;25,7;13;29;0;0;1;99;6,2;45,2
2019;Matemaatika (riigieksam 2019) (Lai);4551;M;põhikool või gümnaasium;eesti;Eesti keel;Pärnu maakond;Pärnu Sütevaka Humanitaargümnaasium;statsionaarne õpe;10;100;64;64;67;17,3;0;0;31;83;51,6;76,4
2019;Matemaatika (riigieksam 2019) (Lai);4551;M;põhikool või gümnaasium;eesti;Eesti keel;Rapla maakond;Märjamaa Gümnaasium;statsionaarne õpe;5;100;30,2;30,2;24;12,8;0;0;18;45;14,3;46,1
2019;Matemaatika (riigieksam 2019) (Lai);4551;M;põhikool või gümnaasium;eesti;Eesti keel;Rapla maakond;Kohila Gümnaasium;statsionaarne õpe;13;100;35;35;33;16,3;0;0;12;72;25,1;44,9
2019;Matemaatika (riigieksam 2019) (Lai);4551;M;põhikool või gümnaasium;eesti;Eesti keel;Rapla maakond;Rapla Gümnaasium;statsionaarne õpe;25;100;34,7;34,7;31;22,8;0;0;6;87;25,3;44,1
2019;Matemaatika (riigieksam 2019) (Lai);4551;M;põhikool või gümnaasium;eesti;Eesti keel;Saare maakond;Saaremaa Ühisgümnaasium;statsionaarne õpe;19;100;73,4;73,4;82;20,8;0;0;39;97;63,4;83,5
2019;Matemaatika (riigieksam 2019) (Lai);4551;M;põhikool või gümnaasium;eesti;Eesti keel;Saare maakond;Kuressaare Gümnaasium;statsionaarne õpe;11;100;42,9;42,9;44;19,1;0;0;20;84;30,1;55,7
2019;Matemaatika (riigieksam 2019) (Lai);4551;M;põhikool või gümnaasium;eesti;Eesti keel;Tartu maakond;Nõo Reaalgümnaasium;statsionaarne õpe;44;100;70,1;70,1;75,5;19,1;0;1;31;100;64,3;75,9
2019;Matemaatika (riigieksam 2019) (Lai);4551;M;põhikool või gümnaasium;eesti;Eesti keel;Tartu maakond;Miina Härma Gümnaasium;statsionaarne õpe;32;100;58,2;58,2;63;27,9;0;1;16;100;48,2;68,3
2019;Matemaatika (riigieksam 2019) (Lai);4551;M;põhikool või gümnaasium;eesti;Eesti keel;Tartu maakond;Tartu Täiskasvanute Gümnaasium;mittestatsionaarne õpe;5;100;36,8;36,8;25;18,4;0;0;23;64;13,9;59,7
2019;Matemaatika (riigieksam 2019) (Lai);4551;M;põhikool või gümnaasium;eesti;Eesti keel;Tartu maakond;Tartu Tamme Gümnaasium;statsionaarne õpe;47;100;50,9;50,9;54;22,6;0;0;6;96;44,3;57,6
2019;Matemaatika (riigieksam 2019) (Lai);4551;M;põhikool või gümnaasium;eesti;Eesti keel;Tartu maakond;Ülenurme Gümnaasium;statsionaarne õpe;7;100;47,1;47,1;45;18,6;0;0;18;70;29,9;64,4
2019;Matemaatika (riigieksam 2019) (Lai);4551;M;põhikool või gümnaasium;eesti;Eesti keel;Tartu maakond;Elva Gümnaasium;statsionaarne õpe;9;100;41,6;41,6;31;16,4;0;0;27;75;29;54,2
2019;Matemaatika (riigieksam 2019) (Lai);4551;M;põhikool või gümnaasium;eesti;Eesti keel;Tartu maakond;Hugo Treffneri Gümnaasium;statsionaarne õpe;64;100;82;82;88;17,1;0;6;37;100;77,7;86,2
2019;Matemaatika (riigieksam 2019) (Lai);4551;M;põhikool või gümnaasium;eesti;Eesti keel;Tartu maakond;Lähte Ühisgümnaasium;statsionaarne õpe;17;100;29,8;29,8;27;20,6;0;0;6;82;19,2;40,4
2019;Matemaatika (riigieksam 2019) (Lai);4551;M;põhikool või gümnaasium;eesti;Eesti keel;Tartu maakond;Tartu Jaan Poska Gümnaasium;statsionaarne õpe;54;100;59,9;59,9;59,5;18,7;0;0;24;99;54,8;65
2019;Matemaatika (riigieksam 2019) (Lai);4551;M;põhikool või gümnaasium;eesti;Eesti keel;Tartu maakond;Tartu Kristjan Jaak Petersoni Gümnaasium;statsionaarne õpe;23;100;33,5;33,5;33;18,5;0;0;6;69;25,5;41,5
2019;Matemaatika (riigieksam 2019) (Lai);4551;M;põhikool või gümnaasium;eesti;Eesti keel;Valga maakond;Otepää Gümnaasium;statsionaarne õpe;12;100;31,5;31,5;23,5;19,1;0;0;13;74;19,3;43,7
2019;Matemaatika (riigieksam 2019) (Lai);4551;M;põhikool või gümnaasium;eesti;Eesti keel;Valga maakond;Tõrva Gümnaasium;statsionaarne õpe;10;100;31;31;23,5;22,7;0;0;13;94;14,7;47,3
2019;Matemaatika (riigieksam 2019) (Lai);4551;M;põhikool või gümnaasium;eesti;Eesti keel;Valga maakond;Valga Gümnaasium;statsionaarne õpe;8;100;49,1;49,1;31,5;33;0;0;13;90;21,6;76,7
2019;Matemaatika (riigieksam 2019) (Lai);4551;M;põhikool või gümnaasium;eesti;Eesti keel;Valga maakond;Audentese Spordigümnaasiumi Otepää filiaal;statsionaarne õpe;9;100;16,9;16,9;16;10,2;0;0;4;36;9,1;24,7
2019;Matemaatika (riigieksam 2019) (Lai);4551;M;põhikool või gümnaasium;eesti;Eesti keel;Viljandi maakond;Suure-Jaani Gümnaasium;statsionaarne õpe;6;100;30,5;30,5;30,5;10,9;0;0;12;45;19,1;41,9
2019;Matemaatika (riigieksam 2019) (Lai);4551;M;põhikool või gümnaasium;eesti;Eesti keel;Viljandi maakond;August Kitzbergi nimeline Gümnaasium;statsionaarne õpe;6;100;25;25;20,5;18,2;0;0;7;57;5,9;44,1
2019;Matemaatika (riigieksam 2019) (Lai);4551;M;põhikool või gümnaasium;eesti;Eesti keel;Viljandi maakond;Viljandi Gümnaasium;statsionaarne õpe;68;100;56;56;56;28,7;0;0;7;99;49;62,9
2019;Matemaatika (riigieksam 2019) (Lai);4551;M;põhikool või gümnaasium;eesti;Eesti keel;Võru maakond;Võru Gümnaasium;statsionaarne õpe;40;100;53,8;53,8;51;22,4;0;0;15;96;46,7;61
2019;Matemaatika (riigieksam 2019) (Lai);4551;M;põhikool või gümnaasium;eesti;Vene keel;Harju maakond;Haabersti Vene Gümnaasium;statsionaarne õpe;8;100;23,1;23,1;16;18,2;0;0;2;59;7,9;38,4
2019;Matemaatika (riigieksam 2019) (Lai);4551;M;põhikool või gümnaasium;eesti;Vene keel;Harju maakond;Tallinna Kesklinna Vene Gümnaasium;statsionaarne õpe;9;100;73,9;73,9;77;13,2;0;0;47;93;63,7;84,1
2019;Matemaatika (riigieksam 2019) (Lai);4551;M;põhikool või gümnaasium;eesti;Vene keel;Harju maakond;Tallinna Linnamäe Vene Lütseum;statsionaarne õpe;12;100;79,9;79,9;82;14;0;0;55;98;71,1;88,8
2019;Matemaatika (riigieksam 2019) (Lai);4551;M;põhikool või gümnaasium;eesti;Vene keel;Harju maakond;Ehte Humanitaargümnaasium;statsionaarne õpe;5;100;54,6;54,6;64;30,4;0;0;24;96;16,8;92,4
2019;Matemaatika (riigieksam 2019) (Lai);4551;M;põhikool või gümnaasium;eesti;Vene keel;Harju maakond;Tallinna Humanitaargümnaasium;statsionaarne õpe;10;100;44,3;44,3;40,5;26,5;0;1;14;100;25,3;63,3
2019;Matemaatika (riigieksam 2019) (Lai);4551;M;põhikool või gümnaasium;eesti;Vene keel;Harju maakond;Tallinna Pae Gümnaasium;statsionaarne õpe;5;100;62,2;62,2;63;10,8;0;0;48;74;48,7;75,7
2019;Matemaatika (riigieksam 2019) (Lai);4551;M;põhikool või gümnaasium;eesti;Vene keel;Harju maakond;Tallinna Õismäe Vene Lütseum;statsionaarne õpe;19;100;47,4;47,4;51;27;0;0;3;95;34,4;60,4
2019;Matemaatika (riigieksam 2019) (Lai);4551;M;põhikool või gümnaasium;eesti;Vene keel;Harju maakond;Lasnamäe Gümnaasium;statsionaarne õpe;15;100;36,9;36,9;34;22;0;0;5;84;24,8;49,1
2019;Matemaatika (riigieksam 2019) (Lai);4551;M;põhikool või gümnaasium;eesti;Vene keel;Harju maakond;Tallinna Tõnismäe Reaalkool;statsionaarne õpe;26;100;71;71;78;24,6;0;0;8;99;61;80,9
2019;Matemaatika (riigieksam 2019) (Lai);4551;M;põhikool või gümnaasium;eesti;Vene keel;Harju maakond;Maardu Gümnaasium;statsionaarne õpe;8;100;45,4;45,4;36,5;30,6;0;0;15;94;19,8;71
2019;Matemaatika (riigieksam 2019) (Lai);4551;M;põhikool või gümnaasium;eesti;Vene keel;Harju maakond;Tallinna Mustjõe Gümnaasium;statsionaarne õpe;12;100;47,7;47,7;43,5;27;0;0;3;87;30,5;64,8
2019;Matemaatika (riigieksam 2019) (Lai);4551;M;põhikool või gümnaasium;eesti;Vene keel;Harju maakond;Tallinna Läänemere Gümnaasium;statsionaarne õpe;8;100;56,6;56,6;57,5;26;0;0;11;93;34,9;78,4
2019;Matemaatika (riigieksam 2019) (Lai);4551;M;põhikool või gümnaasium;eesti;Vene keel;Harju maakond;Tallinna Mustamäe Reaalgümnaasium;statsionaarne õpe;19;100;27,1;27,1;25;23,5;0;0;1;99;15,8;38,5
2019;Matemaatika (riigieksam 2019) (Lai);4551;M;põhikool või gümnaasium;eesti;Vene keel;Harju maakond;Tallinna 53. Keskkool;statsionaarne õpe;10;100;74,4;74,4;86,5;27,6;0;0;11;98;54,6;94,2
2019;Matemaatika (riigieksam 2019) (Lai);4551;M;põhikool või gümnaasium;eesti;Vene keel;Harju maakond;Tallinna Mustamäe Humanitaargümnaasium;statsionaarne õpe;10;100;41,2;41,2;35,5;22,2;0;0;11;69;25,3;57,1
2019;Matemaatika (riigieksam 2019) (Lai);4551;M;põhikool või gümnaasium;eesti;Vene keel;Ida-Viru maakond;Narva Kesklinna Gümnaasium;statsionaarne õpe;16;100;66;66;63,5;19,5;0;0;35;91;55,6;76,4
2019;Matemaatika (riigieksam 2019) (Lai);4551;M;põhikool või gümnaasium;eesti;Vene keel;Ida-Viru maakond;Narva Kreenholmi Gümnaasium;statsionaarne õpe;7;100;49;49;53;16,8;0;0;25;72;33,4;64,6
2019;Matemaatika (riigieksam 2019) (Lai);4551;M;põhikool või gümnaasium;eesti;Vene keel;Ida-Viru maakond;Narva Soldino Gümnaasium;statsionaarne õpe;6;100;36,3;36,3;36,5;23,2;0;0;9;70;12;60,7
2019;Matemaatika (riigieksam 2019) (Lai);4551;M;põhikool või gümnaasium;eesti;Vene keel;Ida-Viru maakond;Kohtla-Järve Järve Vene Gümnaasium;statsionaarne õpe;23;100;56,4;56,4;68;32,9;0;0;4;99;42,2;70,6
2019;Matemaatika (riigieksam 2019) (Lai);4551;M;põhikool või gümnaasium;eesti;Vene keel;Ida-Viru maakond;Narva Pähklimäe Gümnaasium;statsionaarne õpe;16;100;55,8;55,8;59,5;22;0;0;22;97;44,1;67,5
2019;Matemaatika (riigieksam 2019) (Lai);4551;M;põhikool või gümnaasium;eesti;Vene keel;Ida-Viru maakond;Kohtla-Järve Ahtme Gümnaasium;statsionaarne õpe;7;100;59,1;59,1;60;25,2;0;0;22;90;35,8;82,5
2019;Matemaatika (riigieksam 2019) (Lai);4551;M;põhikool või gümnaasium;eesti;Vene keel;Ida-Viru maakond;Sillamäe Gümnaasium;statsionaarne õpe;16;100;54,8;54,8;56;29,5;0;0;2;96;39;70,5
2019;Matemaatika (riigieksam 2019) (Lai);4551;M;põhikool või gümnaasium;eesti;Vene keel;Ida-Viru maakond;Narva Keeltelütseum;statsionaarne õpe;8;100;89,6;89,6;91;7,7;0;0;76;98;83,2;96
2019;Matemaatika (riigieksam 2019) (Lai);4551;M;põhikool või gümnaasium;eesti;Vene keel;Ida-Viru maakond;Jõhvi Gümnaasium;statsionaarne õpe;14;100;49,8;49,8;42;30,8;0;0;10;89;32;67,6
2019;Matemaatika (riigieksam 2019) (Lai);4551;M;põhikool või gümnaasium;eesti (keelekümblus);Vene keel;Tartu maakond;Tartu Annelinna Gümnaasium;statsionaarne õpe;14;100;34,1;34,1;25;28,5;0;0;7;86;17,7;50,6
2019;Matemaatika (riigieksam 2019) (Lai);4551;M;Määramata;eesti;Eesti keel;Määramata;Määramata;Määramata;6;100;41,3;41,3;32,5;30;0;0;13;99;9,8;72,8
2019;Matemaatika (riigieksam 2019) (Lai);4551;M;Määramata;Määramata;Eesti keel;Määramata;Määramata;Määramata;88;100;36,1;36,1;31,5;25;0;1;1;100;30,8;41,4
2019;Matemaatika (riigieksam 2019) (Lai);4551;M;Määramata;Määramata;Vene keel;Määramata;Määramata;Määramata;15;100;35,2;35,2;36;26,3;0;0;1;78;20,7;49,7
2019;Matemaatika (riigieksam 2019) (Lai);4551;N;kutseõppeasutus;eesti;Eesti keel;Harju maakond;Tallinna Polütehnikum;statsionaarne õpe - koolipõhine õpe;7;100;11,3;11,3;5;17,5;1;0;0;49;-4,9;27,5
2019;Matemaatika (riigieksam 2019) (Lai);4551;N;põhikool või gümnaasium;eesti;Eesti keel;Harju maakond;Pirita Majandusgümnaasium;statsionaarne õpe;13;100;21,6;21,6;17;13,3;0;0;8;49;13,6;29,6
2019;Matemaatika (riigieksam 2019) (Lai);4551;N;põhikool või gümnaasium;eesti;Eesti keel;Harju maakond;Tallinna Kuristiku Gümnaasium;statsionaarne õpe;11;100;64;64;62;17,9;0;1;34;100;52;76
2019;Matemaatika (riigieksam 2019) (Lai);4551;N;põhikool või gümnaasium;eesti;Eesti keel;Harju maakond;Tallinna Arte Gümnaasium;statsionaarne õpe;10;100;39;39;35,5;19,7;0;0;14;71;24,9;53,1
2019;Matemaatika (riigieksam 2019) (Lai);4551;N;põhikool või gümnaasium;eesti;Eesti keel;Harju maakond;Tallinna Saksa Gümnaasium;statsionaarne õpe;12;100;24,1;24,1;17,5;21;0;0;4;79;10,7;37,4
2019;Matemaatika (riigieksam 2019) (Lai);4551;N;põhikool või gümnaasium;eesti;Eesti keel;Harju maakond;Tallinna Humanitaargümnaasium;statsionaarne õpe;8;100;49,5;49,5;43,5;33;0;0;8;98;21,9;77,1
2019;Matemaatika (riigieksam 2019) (Lai);4551;N;põhikool või gümnaasium;eesti;Eesti keel;Harju maakond;Tallinna 32. Keskkool;statsionaarne õpe;67;100;33,2;33,2;29;19,9;0;0;4;85;28,4;38,1
2019;Matemaatika (riigieksam 2019) (Lai);4551;N;põhikool või gümnaasium;eesti;Eesti keel;Harju maakond;Tallinna Mustamäe Gümnaasium;statsionaarne õpe;22;100;42,8;42,8;48,5;23,4;0;0;6;93;32,4;53,1
2019;Matemaatika (riigieksam 2019) (Lai);4551;N;põhikool või gümnaasium;eesti;Eesti keel;Harju maakond;Tallinna Järveotsa Gümnaasium;statsionaarne õpe;10;100;44,4;44,4;43;16,9;0;0;18;69;32,3;56,5
2019;Matemaatika (riigieksam 2019) (Lai);4551;N;põhikool või gümnaasium;eesti;Eesti keel;Harju maakond;Kadrioru Saksa Gümnaasium;statsionaarne õpe;37;100;29,6;29,6;28;19,1;0;0;6;92;23,2;36
2019;Matemaatika (riigieksam 2019) (Lai);4551;N;põhikool või gümnaasium;eesti;Eesti keel;Harju maakond;Vanalinna Hariduskolleegium;statsionaarne õpe;46;100;47;47;41,5;26,8;0;0;9;98;39;55
2019;Matemaatika (riigieksam 2019) (Lai);4551;N;põhikool või gümnaasium;eesti;Eesti keel;Harju maakond;Tallinna Kunstigümnaasium;statsionaarne õpe;6;100;21,5;21,5;13,5;19,7;0;0;3;55;0,9;42,1
2019;Matemaatika (riigieksam 2019) (Lai);4551;N;põhikool või gümnaasium;eesti;Eesti keel;Harju maakond;Tallinna Lilleküla Gümnaasium;statsionaarne õpe;22;100;56,3;56,3;53;20,1;0;0;31;98;47,3;65,2
2019;Matemaatika (riigieksam 2019) (Lai);4551;N;põhikool või gümnaasium;eesti;Eesti keel;Harju maakond;Tallinna Nõmme Gümnaasium;statsionaarne õpe;19;100;51,8;51,8;55;21,3;0;0;12;88;41,6;62,1
2019;Matemaatika (riigieksam 2019) (Lai);4551;N;põhikool või gümnaasium;eesti;Eesti keel;Harju maakond;Tallinna Õismäe Gümnaasium;statsionaarne õpe;10;100;75,7;75,7;80;16,3;0;0;44;97;64;87,4
2019;Matemaatika (riigieksam 2019) (Lai);4551;N;põhikool või gümnaasium;eesti;Eesti keel;Harju maakond;Pelgulinna Gümnaasium;statsionaarne õpe;19;100;18,8;18,8;14;19,6;3;0;0;65;9,4;28,3
2019;Matemaatika (riigieksam 2019) (Lai);4551;N;põhikool või gümnaasium;eesti;Eesti keel;Harju maakond;Tallinna Reaalkool;statsionaarne õpe;49;100;82;82;85;13,8;0;2;47;100;78,1;86
2019;Matemaatika (riigieksam 2019) (Lai);4551;N;põhikool või gümnaasium;eesti;Eesti keel;Harju maakond;Tallinna Ühisgümnaasium;statsionaarne õpe;18;100;39,2;39,2;36;21,5;0;0;9;78;28,5;49,9
2019;Matemaatika (riigieksam 2019) (Lai);4551;N;põhikool või gümnaasium;eesti;Eesti keel;Harju maakond;Tallinna Vanalinna Täiskasvanute Gümnaasium;mittestatsionaarne õpe;11;100;24,1;24,1;21;15;0;0;8;58;14;34,2
2019;Matemaatika (riigieksam 2019) (Lai);4551;N;põhikool või gümnaasium;eesti;Eesti keel;Harju maakond;Tallinna Prantsuse Lütseum;statsionaarne õpe;18;100;79,6;79,6;85;14,2;0;0;49;97;72,5;86,7
2019;Matemaatika (riigieksam 2019) (Lai);4551;N;põhikool või gümnaasium;eesti;Eesti keel;Harju maakond;Saku Gümnaasium;statsionaarne õpe;27;100;61,4;61,4;66;19,4;0;0;13;92;53,7;69
2019;Matemaatika (riigieksam 2019) (Lai);4551;N;põhikool või gümnaasium;eesti;Eesti keel;Harju maakond;Saue Gümnaasium;statsionaarne õpe;13;100;64,3;64,3;54;18,9;0;0;45;97;52,9;75,7
2019;Matemaatika (riigieksam 2019) (Lai);4551;N;põhikool või gümnaasium;eesti;Eesti keel;Harju maakond;Tabasalu Ühisgümnaasium;statsionaarne õpe;12;100;48;48;46,5;20,6;0;0;14;89;34,9;61,1
2019;Matemaatika (riigieksam 2019) (Lai);4551;N;põhikool või gümnaasium;eesti;Eesti keel;Harju maakond;Gustav Adolfi Gümnaasium;statsionaarne õpe;62;100;79,4;79,4;81;15,7;0;2;30;100;75,4;83,4
2019;Matemaatika (riigieksam 2019) (Lai);4551;N;põhikool või gümnaasium;eesti;Eesti keel;Harju maakond;Jakob Westholmi Gümnaasium;statsionaarne õpe;24;100;65,8;65,8;61;17,9;0;1;42;100;58,2;73,3
2019;Matemaatika (riigieksam 2019) (Lai);4551;N;põhikool või gümnaasium;eesti;Eesti keel;Harju maakond;Jüri Gümnaasium;statsionaarne õpe;17;100;61,8;61,8;61;21;0;0;28;93;51;72,6
2019;Matemaatika (riigieksam 2019) (Lai);4551;N;põhikool või gümnaasium;eesti;Eesti keel;Harju maakond;Kose Gümnaasium;statsionaarne õpe;5;100;55,8;55,8;57;25,2;0;0;16;82;24,5;87,1
2019;Matemaatika (riigieksam 2019) (Lai);4551;N;põhikool või gümnaasium;eesti;Eesti keel;Harju maakond;Kuusalu Keskkool;statsionaarne õpe;8;100;79;79;84;12,5;0;0;54;92;68,5;89,5
2019;Matemaatika (riigieksam 2019) (Lai);4551;N;põhikool või gümnaasium;eesti;Eesti keel;Harju maakond;EBS Gümnaasium;statsionaarne õpe;6;100;61,2;61,2;60,5;8,1;0;0;53;72;52,6;69,7
2019;Matemaatika (riigieksam 2019) (Lai);4551;N;põhikool või gümnaasium;eesti;Eesti keel;Harju maakond;Tallinna 21. Kool;statsionaarne õpe;46;100;63,5;63,5;65,5;24,4;0;0;10;99;56,3;70,8
2019;Matemaatika (riigieksam 2019) (Lai);4551;N;põhikool või gümnaasium;eesti;Eesti keel;Harju maakond;Rocca al Mare Kool;statsionaarne õpe;38;100;55,5;55,5;62;24;0;0;9;87;47,6;63,4
2019;Matemaatika (riigieksam 2019) (Lai);4551;N;põhikool või gümnaasium;eesti;Eesti keel;Harju maakond;Tallinna Tehnikagümnaasium;statsionaarne õpe;16;100;31,1;31,1;29;20,2;0;0;7;81;20,3;41,8
2019;Matemaatika (riigieksam 2019) (Lai);4551;N;põhikool või gümnaasium;eesti;Eesti keel;Harju maakond;Tallinna Täiskasvanute Gümnaasium;mittestatsionaarne õpe;7;100;21,3;21,3;16;18,5;0;0;4;60;4,1;38,4
2019;Matemaatika (riigieksam 2019) (Lai);4551;N;põhikool või gümnaasium;eesti;Eesti keel;Harju maakond;Keila Kool;statsionaarne õpe;24;100;36,4;36,4;34;21,7;0;0;3;77;27,2;45,5
2019;Matemaatika (riigieksam 2019) (Lai);4551;N;põhikool või gümnaasium;eesti;Eesti keel;Harju maakond;Viimsi Gümnaasium;statsionaarne õpe;26;100;50,3;50,3;49;23,4;0;0;11;89;40,9;59,8
2019;Matemaatika (riigieksam 2019) (Lai);4551;N;põhikool või gümnaasium;eesti;Eesti keel;Harju maakond;Audentese Spordigümnaasium;statsionaarne õpe;15;100;30,5;30,5;29;15,6;0;0;9;60;21,9;39,2
2019;Matemaatika (riigieksam 2019) (Lai);4551;N;põhikool või gümnaasium;eesti;Eesti keel;Harju maakond;Tallinna Pääsküla Kool;statsionaarne õpe;5;100;14,2;14,2;6;23,5;1;0;0;56;-15;43,4
2019;Matemaatika (riigieksam 2019) (Lai);4551;N;põhikool või gümnaasium;eesti;Eesti keel;Hiiu maakond;Hiiumaa Gümnaasium;statsionaarne õpe;14;100;51,8;51,8;52,5;19,1;0;0;23;80;40,8;62,8
2019;Matemaatika (riigieksam 2019) (Lai);4551;N;põhikool või gümnaasium;eesti;Eesti keel;Ida-Viru maakond;Kohtla-Järve Järve Gümnaasium;statsionaarne õpe;7;100;70,7;70,7;74;15,4;0;0;45;88;56,4;85
2019;Matemaatika (riigieksam 2019) (Lai);4551;N;põhikool või gümnaasium;eesti;Eesti keel;Ida-Viru maakond;Jõhvi Gümnaasium;statsionaarne õpe;9;100;28,8;28,8;24;16,8;0;0;6;55;15,9;41,7
2019;Matemaatika (riigieksam 2019) (Lai);4551;N;põhikool või gümnaasium;eesti;Eesti keel;Jõgeva maakond;Põltsamaa Ühisgümnaasium;statsionaarne õpe;15;100;37,9;37,9;35;21,7;0;0;11;96;25,9;49,9
2019;Matemaatika (riigieksam 2019) (Lai);4551;N;põhikool või gümnaasium;eesti;Eesti keel;Jõgeva maakond;Jõgevamaa Gümnaasium;statsionaarne õpe;23;100;62,7;62,7;66;21,1;0;0;7;94;53,6;71,8
2019;Matemaatika (riigieksam 2019) (Lai);4551;N;põhikool või gümnaasium;eesti;Eesti keel;Järva maakond;Türi Ühisgümnaasium;statsionaarne õpe;10;100;23,9;23,9;18;22,8;0;0;3;75;7,6;40,2
2019;Matemaatika (riigieksam 2019) (Lai);4551;N;põhikool või gümnaasium;eesti;Eesti keel;Järva maakond;Paide Gümnaasium;statsionaarne õpe;18;100;37,4;37,4;32,5;24,1;0;0;5;84;25,4;49,4
2019;Matemaatika (riigieksam 2019) (Lai);4551;N;põhikool või gümnaasium;eesti;Eesti keel;Lääne maakond;Noarootsi Gümnaasium;statsionaarne õpe;12;100;57,7;57,7;49,5;18,7;0;0;38;91;45,8;69,6
2019;Matemaatika (riigieksam 2019) (Lai);4551;N;põhikool või gümnaasium;eesti;Eesti keel;Lääne maakond;Läänemaa Ühisgümnaasium;statsionaarne õpe;27;100;73,2;73,2;76;17,9;0;0;33;99;66,1;80,3
2019;Matemaatika (riigieksam 2019) (Lai);4551;N;põhikool või gümnaasium;eesti;Eesti keel;Lääne-Viru maakond;Tamsalu Gümnaasium;statsionaarne õpe;13;100;36,5;36,5;33;14,9;0;0;16;69;27,5;45,5
2019;Matemaatika (riigieksam 2019) (Lai);4551;N;põhikool või gümnaasium;eesti;Eesti keel;Lääne-Viru maakond;Tapa Gümnaasium;statsionaarne õpe;8;100;45,6;45,6;42,5;18,1;0;0;24;75;30,5;60,8
2019;Matemaatika (riigieksam 2019) (Lai);4551;N;põhikool või gümnaasium;eesti;Eesti keel;Lääne-Viru maakond;Väike-Maarja Gümnaasium;statsionaarne õpe;5;100;40;40;36;24,7;0;0;18;80;9,3;70,7
2019;Matemaatika (riigieksam 2019) (Lai);4551;N;põhikool või gümnaasium;eesti;Eesti keel;Lääne-Viru maakond;Rakvere Gümnaasium;statsionaarne õpe;20;100;51,8;51,8;52;23,2;0;0;18;96;40,9;62,6
2019;Matemaatika (riigieksam 2019) (Lai);4551;N;põhikool või gümnaasium;eesti;Eesti keel;Lääne-Viru maakond;Rakvere Reaalgümnaasium;statsionaarne õpe;31;100;40,7;40,7;38;24;0;0;9;85;31,9;49,5
2019;Matemaatika (riigieksam 2019) (Lai);4551;N;põhikool või gümnaasium;eesti;Eesti keel;Lääne-Viru maakond;Kadrina Keskkool;statsionaarne õpe;10;100;58,9;58,9;57,5;16,6;0;0;41;93;47;70,8
2019;Matemaatika (riigieksam 2019) (Lai);4551;N;põhikool või gümnaasium;eesti;Eesti keel;Põlva maakond;Põlva Gümnaasium;statsionaarne õpe;28;100;35,4;35,4;32;18,8;0;0;12;96;28,1;42,7
2019;Matemaatika (riigieksam 2019) (Lai);4551;N;põhikool või gümnaasium;eesti;Eesti keel;Pärnu maakond;Pärnu Koidula Gümnaasium;statsionaarne õpe;81;100;65,3;65,3;65;22,4;0;4;12;100;60,3;70,2
2019;Matemaatika (riigieksam 2019) (Lai);4551;N;põhikool või gümnaasium;eesti;Eesti keel;Pärnu maakond;Pärnu Täiskasvanute Gümnaasium;mittestatsionaarne õpe;7;100;8,9;8,9;8;4,3;0;0;2;14;4,8;12,9
2019;Matemaatika (riigieksam 2019) (Lai);4551;N;põhikool või gümnaasium;eesti;Eesti keel;Pärnu maakond;Lihula Gümnaasium;statsionaarne õpe;9;100;54,4;54,4;57;23,7;0;0;17;87;36,2;72,7
2019;Matemaatika (riigieksam 2019) (Lai);4551;N;põhikool või gümnaasium;eesti;Eesti keel;Pärnu maakond;Pärnu Ühisgümnaasium;statsionaarne õpe;11;100;48,2;48,2;45;26,6;0;0;10;90;30,3;66,1
2019;Matemaatika (riigieksam 2019) (Lai);4551;N;põhikool või gümnaasium;eesti;Eesti keel;Pärnu maakond;Pärnu Sütevaka Humanitaargümnaasium;statsionaarne õpe;9;100;73,3;73,3;80;16,9;0;0;52;96;60,4;86,3
2019;Matemaatika (riigieksam 2019) (Lai);4551;N;põhikool või gümnaasium;eesti;Eesti keel;Rapla maakond;Kohila Gümnaasium;statsionaarne õpe;9;100;50,2;50,2;51;25,3;0;0;4;85;30,8;69,7
2019;Matemaatika (riigieksam 2019) (Lai);4551;N;põhikool või gümnaasium;eesti;Eesti keel;Rapla maakond;Rapla Gümnaasium;statsionaarne õpe;41;100;37,8;37,8;29;23,5;0;0;2;91;30,3;45,2
2019;Matemaatika (riigieksam 2019) (Lai);4551;N;põhikool või gümnaasium;eesti;Eesti keel;Saare maakond;Saaremaa Ühisgümnaasium;statsionaarne õpe;21;100;68,7;68,7;70;20,8;0;1;22;100;59,3;78,2
2019;Matemaatika (riigieksam 2019) (Lai);4551;N;põhikool või gümnaasium;eesti;Eesti keel;Saare maakond;Kuressaare Gümnaasium;statsionaarne õpe;18;100;48,1;48,1;38,5;23,6;0;0;23;93;36,3;59,8
2019;Matemaatika (riigieksam 2019) (Lai);4551;N;põhikool või gümnaasium;eesti;Eesti keel;Tartu maakond;Nõo Reaalgümnaasium;statsionaarne õpe;47;100;62,8;62,8;60;18,4;0;1;31;100;57,4;68,2
2019;Matemaatika (riigieksam 2019) (Lai);4551;N;põhikool või gümnaasium;eesti;Eesti keel;Tartu maakond;Miina Härma Gümnaasium;statsionaarne õpe;37;100;60,5;60,5;56;24,9;0;0;9;99;52,2;68,8
2019;Matemaatika (riigieksam 2019) (Lai);4551;N;põhikool või gümnaasium;eesti;Eesti keel;Tartu maakond;Tartu Täiskasvanute Gümnaasium;mittestatsionaarne õpe;8;100;27,2;27,2;27;18,9;0;0;8;58;11,4;43,1
2019;Matemaatika (riigieksam 2019) (Lai);4551;N;põhikool või gümnaasium;eesti;Eesti keel;Tartu maakond;Tartu Tamme Gümnaasium;statsionaarne õpe;77;100;49,4;49,4;48;24,5;0;1;7;100;43,8;55
2019;Matemaatika (riigieksam 2019) (Lai);4551;N;põhikool või gümnaasium;eesti;Eesti keel;Tartu maakond;Elva Gümnaasium;statsionaarne õpe;7;100;48;48;47;16,3;0;0;26;68;32,9;63,1
2019;Matemaatika (riigieksam 2019) (Lai);4551;N;põhikool või gümnaasium;eesti;Eesti keel;Tartu maakond;Hugo Treffneri Gümnaasium;statsionaarne õpe;115;100;82,8;82,8;90;17,5;0;5;20;100;79,6;86
2019;Matemaatika (riigieksam 2019) (Lai);4551;N;põhikool või gümnaasium;eesti;Eesti keel;Tartu maakond;Lähte Ühisgümnaasium;statsionaarne õpe;9;100;18,9;18,9;18;13,1;0;0;3;50;8,8;29
2019;Matemaatika (riigieksam 2019) (Lai);4551;N;põhikool või gümnaasium;eesti;Eesti keel;Tartu maakond;Tartu Jaan Poska Gümnaasium;statsionaarne õpe;77;100;59,9;59,9;60;18,9;0;0;11;94;55,6;64,2
2019;Matemaatika (riigieksam 2019) (Lai);4551;N;põhikool või gümnaasium;eesti;Eesti keel;Tartu maakond;Tartu Kristjan Jaak Petersoni Gümnaasium;statsionaarne õpe;19;100;31,3;31,3;33;16,2;0;0;8;63;23,5;39,1
2019;Matemaatika (riigieksam 2019) (Lai);4551;N;põhikool või gümnaasium;eesti;Eesti keel;Valga maakond;Otepää Gümnaasium;statsionaarne õpe;9;100;45,2;45,2;45;13,7;0;0;17;60;34,7;55,7
2019;Matemaatika (riigieksam 2019) (Lai);4551;N;põhikool või gümnaasium;eesti;Eesti keel;Valga maakond;Tõrva Gümnaasium;statsionaarne õpe;14;100;39,9;39,9;36;26,1;0;0;13;95;24,9;55
2019;Matemaatika (riigieksam 2019) (Lai);4551;N;põhikool või gümnaasium;eesti;Eesti keel;Valga maakond;Valga Gümnaasium;statsionaarne õpe;9;100;48,8;48,8;41;28,1;0;0;7;89;27,1;70,4
2019;Matemaatika (riigieksam 2019) (Lai);4551;N;põhikool või gümnaasium;eesti;Eesti keel;Viljandi maakond;Viljandi Gümnaasium;statsionaarne õpe;91;100;53,6;53,6;51;24,7;0;0;8;99;48,4;58,7
2019;Matemaatika (riigieksam 2019) (Lai);4551;N;põhikool või gümnaasium;eesti;Eesti keel;Võru maakond;Parksepa Keskkool;statsionaarne õpe;5;100;29,8;29,8;28;22,8;0;0;9;66;1,5;58,1
2019;Matemaatika (riigieksam 2019) (Lai);4551;N;põhikool või gümnaasium;eesti;Eesti keel;Võru maakond;Võru Gümnaasium;statsionaarne õpe;45;100;44,3;44,3;40;19,3;0;0;11;83;38,5;50,1
2019;Matemaatika (riigieksam 2019) (Lai);4551;N;põhikool või gümnaasium;eesti;Vene keel;Harju maakond;Haabersti Vene Gümnaasium;statsionaarne õpe;11;100;22,6;22,6;11;21,5;0;0;1;67;8,2;37,1
2019;Matemaatika (riigieksam 2019) (Lai);4551;N;põhikool või gümnaasium;eesti;Vene keel;Harju maakond;Tallinna Kesklinna Vene Gümnaasium;statsionaarne õpe;5;100;78;78;75;11,6;0;0;67;93;63,6;92,4
2019;Matemaatika (riigieksam 2019) (Lai);4551;N;põhikool või gümnaasium;eesti;Vene keel;Harju maakond;Tallinna Linnamäe Vene Lütseum;statsionaarne õpe;24;100;67,9;67,9;74;21,7;0;1;31;100;58,7;77,1
2019;Matemaatika (riigieksam 2019) (Lai);4551;N;põhikool või gümnaasium;eesti;Vene keel;Harju maakond;Ehte Humanitaargümnaasium;statsionaarne õpe;5;100;43,6;43,6;46;8,2;0;0;32;53;33,4;53,8
2019;Matemaatika (riigieksam 2019) (Lai);4551;N;põhikool või gümnaasium;eesti;Vene keel;Harju maakond;Tallinna Humanitaargümnaasium;statsionaarne õpe;9;100;54,7;54,7;61;28,9;0;0;17;93;32,5;76,8
2019;Matemaatika (riigieksam 2019) (Lai);4551;N;põhikool või gümnaasium;eesti;Vene keel;Harju maakond;Tallinna Pae Gümnaasium;statsionaarne õpe;7;100;73,4;73,4;77;17,4;0;0;41;91;57,4;89,5
2019;Matemaatika (riigieksam 2019) (Lai);4551;N;põhikool või gümnaasium;eesti;Vene keel;Harju maakond;Tallinna Õismäe Vene Lütseum;statsionaarne õpe;14;100;58,1;58,1;57;27,4;0;1;16;100;42,2;73,9
2019;Matemaatika (riigieksam 2019) (Lai);4551;N;põhikool või gümnaasium;eesti;Vene keel;Harju maakond;Lasnamäe Vene Gümnaasium;statsionaarne õpe;6;100;42,8;42,8;40;17,2;0;0;19;64;24,8;60,9
2019;Matemaatika (riigieksam 2019) (Lai);4551;N;põhikool või gümnaasium;eesti;Vene keel;Harju maakond;Lasnamäe Gümnaasium;statsionaarne õpe;11;100;51;51;50;15,5;0;0;32;82;40,6;61,4
2019;Matemaatika (riigieksam 2019) (Lai);4551;N;põhikool või gümnaasium;eesti;Vene keel;Harju maakond;Tallinna Tõnismäe Reaalkool;statsionaarne õpe;10;100;64;64;72;24,2;0;0;13;88;46,7;81,3
2019;Matemaatika (riigieksam 2019) (Lai);4551;N;põhikool või gümnaasium;eesti;Vene keel;Harju maakond;Loksa Gümnaasium;statsionaarne õpe;6;100;65,7;65,7;65;14,5;0;0;45;86;50,4;80,9
2019;Matemaatika (riigieksam 2019) (Lai);4551;N;põhikool või gümnaasium;eesti;Vene keel;Harju maakond;Maardu Gümnaasium;statsionaarne õpe;6;100;44,8;44,8;46;29,9;0;0;12;84;13,5;76,2
2019;Matemaatika (riigieksam 2019) (Lai);4551;N;põhikool või gümnaasium;eesti;Vene keel;Harju maakond;Tallinna Mustjõe Gümnaasium;statsionaarne õpe;6;100;49,7;49,7;44,5;21,5;0;0;22;82;27,2;72,2
2019;Matemaatika (riigieksam 2019) (Lai);4551;N;põhikool või gümnaasium;eesti;Vene keel;Harju maakond;Tallinna Juudi Kool;statsionaarne õpe;6;100;76,3;76,3;75,5;6,7;0;0;70;88;69,4;83,3
2019;Matemaatika (riigieksam 2019) (Lai);4551;N;põhikool või gümnaasium;eesti;Vene keel;Harju maakond;Tallinna Läänemere Gümnaasium;statsionaarne õpe;10;100;50,4;50,4;53;16,9;0;0;20;80;38,3;62,5
2019;Matemaatika (riigieksam 2019) (Lai);4551;N;põhikool või gümnaasium;eesti;Vene keel;Harju maakond;Tallinna Mustamäe Reaalgümnaasium;statsionaarne õpe;15;100;27,7;27,7;24;25,7;0;0;2;88;13,5;42
2019;Matemaatika (riigieksam 2019) (Lai);4551;N;põhikool või gümnaasium;eesti;Vene keel;Harju maakond;Tallinna 53. Keskkool;statsionaarne õpe;13;100;51,5;51,5;51;24,7;0;0;6;90;36,5;66,4
2019;Matemaatika (riigieksam 2019) (Lai);4551;N;põhikool või gümnaasium;eesti;Vene keel;Harju maakond;Eurogümnaasium;statsionaarne õpe;5;100;52,4;52,4;58;23,1;0;0;24;82;23,8;81
2019;Matemaatika (riigieksam 2019) (Lai);4551;N;põhikool või gümnaasium;eesti;Vene keel;Harju maakond;Sakala Eragümnaasium;statsionaarne õpe;5;100;70;70;73;13,7;0;0;52;84;53;87
2019;Matemaatika (riigieksam 2019) (Lai);4551;N;põhikool või gümnaasium;eesti;Vene keel;Ida-Viru maakond;Narva Kesklinna Gümnaasium;statsionaarne õpe;15;100;72,5;72,5;75;18,3;0;0;34;92;62,4;82,7
2019;Matemaatika (riigieksam 2019) (Lai);4551;N;põhikool või gümnaasium;eesti;Vene keel;Ida-Viru maakond;Narva Kreenholmi Gümnaasium;statsionaarne õpe;9;100;65,8;65,8;66;13,2;0;0;48;82;55,6;75,9
2019;Matemaatika (riigieksam 2019) (Lai);4551;N;põhikool või gümnaasium;eesti;Vene keel;Ida-Viru maakond;Narva Soldino Gümnaasium;statsionaarne õpe;15;100;50,9;50,9;51;25,9;0;0;11;91;36,6;65,3
2019;Matemaatika (riigieksam 2019) (Lai);4551;N;põhikool või gümnaasium;eesti;Vene keel;Ida-Viru maakond;Kohtla-Järve Järve Vene Gümnaasium;statsionaarne õpe;10;100;39,6;39,6;45;26,3;0;0;1;76;20,8;58,4
2019;Matemaatika (riigieksam 2019) (Lai);4551;N;põhikool või gümnaasium;eesti;Vene keel;Ida-Viru maakond;Narva Pähklimäe Gümnaasium;statsionaarne õpe;7;100;64,4;64,4;68;13,8;0;0;35;76;51,6;77,2
2019;Matemaatika (riigieksam 2019) (Lai);4551;N;põhikool või gümnaasium;eesti;Vene keel;Ida-Viru maakond;Kohtla-Järve Ahtme Gümnaasium;statsionaarne õpe;11;100;50,9;50,9;45;20,6;0;0;15;78;37;64,8
2019;Matemaatika (riigieksam 2019) (Lai);4551;N;põhikool või gümnaasium;eesti;Vene keel;Ida-Viru maakond;Sillamäe Gümnaasium;statsionaarne õpe;10;100;42,6;42,6;42,5;32,3;0;0;4;91;19,5;65,7
2019;Matemaatika (riigieksam 2019) (Lai);4551;N;põhikool või gümnaasium;eesti;Vene keel;Ida-Viru maakond;Narva Keeltelütseum;statsionaarne õpe;15;100;84,8;84,8;89;14,8;0;1;41;100;76,6;93
2019;Matemaatika (riigieksam 2019) (Lai);4551;N;põhikool või gümnaasium;eesti;Vene keel;Ida-Viru maakond;Jõhvi Gümnaasium;statsionaarne õpe;36;100;45,3;45,3;50;25;0;0;7;98;36,8;53,7
2019;Matemaatika (riigieksam 2019) (Lai);4551;N;põhikool või gümnaasium;eesti (keelekümblus);Eesti keel;Tartu maakond;Tartu Annelinna Gümnaasium;statsionaarne õpe;6;100;70,2;70,2;72,5;9,8;0;0;58;82;59,9;80,5
2019;Matemaatika (riigieksam 2019) (Lai);4551;N;põhikool või gümnaasium;eesti (keelekümblus);Vene keel;Tartu maakond;Tartu Annelinna Gümnaasium;statsionaarne õpe;19;100;42,5;42,5;36;24,7;0;0;13;90;30,6;54,4
2019;Matemaatika (riigieksam 2019) (Lai);4551;N;Määramata;Määramata;Eesti keel;Määramata;Määramata;Määramata;65;100;47,2;47,2;47;26,9;0;0;2;99;40,5;53,8
2019;Matemaatika (riigieksam 2019) (Lai);4551;N;Määramata;Määramata;Vene keel;Määramata;Määramata;Määramata;6;100;66,7;66,7;70,5;21,7;0;0;36;94;43,9;89,4
