Aasta;Test;Testi ID;Sugu;Kooli tüüp;Õppekeel;Soorituskeel;Maakond;Õppeasutus;Õppevorm;Sooritajaid;Max võimalik pallide arv;Keskmine;Keskmine (%);Mediaan;St hälve;Min punktide saajad;Max punktide saajad;Min;Max;AUP;ÜUP
2019;Eesti keel (riigieksam 2019);4550;N;põhikool või gümnaasium;eesti;Eesti keel;Harju maakond;EBS Gümnaasium;statsionaarne õpe;16;100;70,7;70,7;71,5;15,4;0;0;48;93;62,5;78,9
2019;Eesti keel (riigieksam 2019);4550;M;põhikool või gümnaasium;eesti;Eesti keel;Harju maakond;Kuusalu Keskkool;statsionaarne õpe;9;100;71,8;71,8;74;16,4;0;0;43;93;59,1;84,4
2019;Eesti keel (riigieksam 2019);4550;N;põhikool või gümnaasium;eesti;Eesti keel;Tartu maakond;Nõo Reaalgümnaasium;statsionaarne õpe;47;100;76,4;76,4;77;11,3;0;0;40;96;73,1;79,7
2019;Eesti keel (riigieksam 2019);4550;M;põhikool või gümnaasium;eesti;Eesti keel;Harju maakond;Tallinna Täiskasvanute Gümnaasium;mittestatsionaarne õpe;33;100;46,3;46,3;46;18,9;0;0;10;83;39,6;53
2019;Eesti keel (riigieksam 2019);4550;M;põhikool või gümnaasium;eesti;Eesti keel;Harju maakond;Tallinna 21. Kool;statsionaarne õpe;46;100;65,9;65,9;67;13,4;0;0;33;96;61,9;69,9
2019;Eesti keel (riigieksam 2019);4550;N;kutseõppeasutus;eesti;Eesti keel;Harju maakond;G. Otsa nim Tallinna Muusikakool;statsionaarne õpe - koolipõhine õpe;5;100;44;44;40;19,2;0;0;25;65;20,2;67,8
2019;Eesti keel (riigieksam 2019);4550;N;põhikool või gümnaasium;eesti;Eesti keel;Harju maakond;Tallinna Tehnikagümnaasium;statsionaarne õpe;20;100;64,7;64,7;67;12,1;0;0;45;82;59;70,3
2019;Eesti keel (riigieksam 2019);4550;M;põhikool või gümnaasium;eesti;Eesti keel;Tartu maakond;Tartu Täiskasvanute Gümnaasium;mittestatsionaarne õpe;27;100;55,9;55,9;58;15;0;0;30;85;49,9;61,8
2019;Eesti keel (riigieksam 2019);4550;N;põhikool või gümnaasium;eesti;Eesti keel;Harju maakond;Tallinna Vanalinna Täiskasvanute Gümnaasium;mittestatsionaarne õpe;76;100;52,1;52,1;51;17,8;0;0;9;88;48;56,1
2019;Eesti keel (riigieksam 2019);4550;M;põhikool või gümnaasium;eesti;Eesti keel;Harju maakond;EBS Gümnaasium;statsionaarne õpe;11;100;55,9;55,9;57;7,9;0;0;39;68;50,6;61,2
2019;Eesti keel (riigieksam 2019);4550;N;põhikool või gümnaasium;eesti;Eesti keel;Ida-Viru maakond;Narva Vanalinna Riigikool;statsionaarne õpe;10;100;41,9;41,9;39;17;0;0;21;72;29,8;54
2019;Eesti keel (riigieksam 2019);4550;M;põhikool või gümnaasium;eesti;Eesti keel;Rapla maakond;Rapla Gümnaasium;statsionaarne õpe;30;100;61,8;61,8;61,5;10,8;0;0;39;82;57,8;65,9
2019;Eesti keel (riigieksam 2019);4550;N;põhikool või gümnaasium;eesti;Eesti keel;Tartu maakond;Elva Gümnaasium;statsionaarne õpe;21;100;61;61;61;15;0;0;27;82;54,1;67,8
2019;Eesti keel (riigieksam 2019);4550;N;põhikool või gümnaasium;eesti;Eesti keel;Harju maakond;Loo Keskkool;statsionaarne õpe;10;100;56,6;56,6;59,5;14;0;0;29;75;46,6;66,6
2019;Eesti keel (riigieksam 2019);4550;N;põhikool või gümnaasium;eesti;Eesti keel;Harju maakond;Tallinna Arte Gümnaasium;statsionaarne õpe;24;100;56;56;58;11,7;0;0;23;77;51;61
2019;Eesti keel (riigieksam 2019);4550;N;põhikool või gümnaasium;eesti;Eesti keel;Võru maakond;Antsla Gümnaasium;statsionaarne õpe;6;100;60,8;60,8;57;19,7;0;0;37;93;40,1;81,5
2019;Eesti keel (riigieksam 2019);4550;M;põhikool või gümnaasium;eesti;Eesti keel;Harju maakond;Audentese Erakool;mittestatsionaarne õpe;10;100;48,9;48,9;53,5;13,4;0;0;14;59;39,3;58,5
2019;Eesti keel (riigieksam 2019);4550;M;põhikool või gümnaasium;eesti;Eesti keel;Saare maakond;Orissaare Gümnaasium;statsionaarne õpe;8;100;56,4;56,4;52,5;10,2;0;0;48;73;47,8;64,9
2019;Eesti keel (riigieksam 2019);4550;M;põhikool või gümnaasium;eesti;Eesti keel;Lääne-Viru maakond;Rakvere Eragümnaasium;statsionaarne õpe;13;100;50,5;50,5;47;12,9;0;0;34;75;42,7;58,3
2019;Eesti keel (riigieksam 2019);4550;N;põhikool või gümnaasium;eesti;Eesti keel;Harju maakond;Tallinna Kuristiku Gümnaasium;statsionaarne õpe;14;100;64;64;62;10,9;0;0;46;82;57,7;70,3
2019;Eesti keel (riigieksam 2019);4550;N;põhikool või gümnaasium;eesti;Eesti keel;Pärnu maakond;Pärnu Ühisgümnaasium;statsionaarne õpe;69;100;61,8;61,8;61;11,3;0;0;37;91;59;64,5
2019;Eesti keel (riigieksam 2019);4550;M;põhikool või gümnaasium;eesti;Eesti keel;Viljandi maakond;Viljandi Gümnaasium;statsionaarne õpe;76;100;64,6;64,6;67;14,9;0;0;32;95;61,2;68
2019;Eesti keel (riigieksam 2019);4550;N;kutseõppeasutus;eesti;Eesti keel;Lääne maakond;Haapsalu Kutsehariduskeskus;statsionaarne õpe - koolipõhine õpe;15;100;38,5;38,5;40;14,5;0;0;14;61;30,5;46,6
2019;Eesti keel (riigieksam 2019);4550;N;põhikool või gümnaasium;eesti;Eesti keel;Võru maakond;Võru Täiskasvanute Gümnaasium;mittestatsionaarne õpe;29;100;46,6;46,6;47;13,3;0;0;17;73;41,5;51,6
2019;Eesti keel (riigieksam 2019);4550;N;põhikool või gümnaasium;eesti;Eesti keel;Jõgeva maakond;Põltsamaa Ühisgümnaasium;statsionaarne õpe;25;100;72,2;72,2;76;13,7;0;0;41;94;66,5;77,8
2019;Eesti keel (riigieksam 2019);4550;N;põhikool või gümnaasium;eesti;Eesti keel;Jõgeva maakond;Jõgeva Täiskasvanute Keskkool;mittestatsionaarne õpe;20;100;52,2;52,2;50;19,6;0;0;23;92;43,1;61,4
2019;Eesti keel (riigieksam 2019);4550;M;põhikool või gümnaasium;eesti;Eesti keel;Põlva maakond;Põlva Gümnaasium;statsionaarne õpe;39;100;55,7;55,7;54;14,8;0;0;29;82;50,9;60,6
2019;Eesti keel (riigieksam 2019);4550;N;kutseõppeasutus;eesti;Eesti keel;Tartu maakond;Tartu Kunstikool;statsionaarne õpe - koolipõhine õpe;16;100;52,2;52,2;49;16,9;0;0;33;79;43,2;61,2
2019;Eesti keel (riigieksam 2019);4550;M;põhikool või gümnaasium;eesti;Eesti keel;Viljandi maakond;Suure-Jaani Gümnaasium;statsionaarne õpe;12;100;49;49;44;13;0;0;36;74;40,7;57,3
2019;Eesti keel (riigieksam 2019);4550;N;põhikool või gümnaasium;eesti;Eesti keel;Harju maakond;Tallinna 32. Keskkool;statsionaarne õpe;90;100;68,6;68,6;70;12,9;0;0;35;92;65,9;71,3
2019;Eesti keel (riigieksam 2019);4550;M;põhikool või gümnaasium;eesti;Eesti keel;Ida-Viru maakond;Narva Eesti Gümnaasium;statsionaarne õpe;6;100;47,5;47,5;48;14;0;0;28;69;32,8;62,2
2019;Eesti keel (riigieksam 2019);4550;N;põhikool või gümnaasium;eesti;Eesti keel;Viljandi maakond;Viljandi Vaba Waldorfkool;statsionaarne õpe;5;100;55,6;55,6;51;27,1;0;0;25;85;21,9;89,3
2019;Eesti keel (riigieksam 2019);4550;M;põhikool või gümnaasium;eesti;Eesti keel;Harju maakond;Pelgulinna Gümnaasium;statsionaarne õpe;14;100;51,1;51,1;52;14,9;0;0;27;74;42,4;59,7
2019;Eesti keel (riigieksam 2019);4550;M;põhikool või gümnaasium;eesti;Eesti keel;Lääne maakond;Noarootsi Gümnaasium;statsionaarne õpe;18;100;56,4;56,4;56,5;10,3;0;0;39;77;51,3;61,6
2019;Eesti keel (riigieksam 2019);4550;N;põhikool või gümnaasium;eesti;Eesti keel;Lääne-Viru maakond;Rakvere Gümnaasium;statsionaarne õpe;37;100;68,6;68,6;70;12,3;0;0;45;89;64,5;72,7
2019;Eesti keel (riigieksam 2019);4550;M;põhikool või gümnaasium;eesti;Eesti keel;Ida-Viru maakond;Kiviõli I Keskkool;statsionaarne õpe;7;100;54,9;54,9;55;14,5;0;0;35;81;41,4;68,3
2019;Eesti keel (riigieksam 2019);4550;M;põhikool või gümnaasium;eesti;Eesti keel;Ida-Viru maakond;Kohtla-Järve Järve Gümnaasium;statsionaarne õpe;18;100;57,4;57,4;58,5;14,1;0;0;33;76;50,4;64,4
2019;Eesti keel (riigieksam 2019);4550;N;põhikool või gümnaasium;eesti;Eesti keel;Harju maakond;Kuusalu Keskkool;statsionaarne õpe;16;100;72,4;72,4;75;13,5;0;0;40;86;65,2;79,6
2019;Eesti keel (riigieksam 2019);4550;N;põhikool või gümnaasium;eesti;Eesti keel;Pärnu maakond;Vändra Gümnaasium;statsionaarne õpe;14;100;67,9;67,9;72;15,1;0;0;38;88;59,1;76,6
2019;Eesti keel (riigieksam 2019);4550;M;põhikool või gümnaasium;eesti;Eesti keel;Harju maakond;Tallinna 32. Keskkool;statsionaarne õpe;37;100;61,8;61,8;62;13,9;0;0;31;90;57,1;66,4
2019;Eesti keel (riigieksam 2019);4550;M;põhikool või gümnaasium;eesti;Eesti keel;Harju maakond;Tallinna Reaalkool;statsionaarne õpe;55;100;78,7;78,7;81;11,9;0;0;38;98;75,5;81,9
2019;Eesti keel (riigieksam 2019);4550;M;põhikool või gümnaasium;eesti;Eesti keel;Harju maakond;Tallinna Mustamäe Gümnaasium;statsionaarne õpe;16;100;54,4;54,4;56;13,3;0;0;32;86;47,3;61,5
2019;Eesti keel (riigieksam 2019);4550;N;põhikool või gümnaasium;eesti;Eesti keel;Tartu maakond;Hugo Treffneri Gümnaasium;statsionaarne õpe;117;100;84,7;84,7;85;8,3;0;2;62;100;83,1;86,2
2019;Eesti keel (riigieksam 2019);4550;N;põhikool või gümnaasium;eesti;Eesti keel;Järva maakond;Paide Gümnaasium;statsionaarne õpe;35;100;66,9;66,9;69;11,1;0;0;44;88;63,1;70,7
2019;Eesti keel (riigieksam 2019);4550;M;põhikool või gümnaasium;eesti;Eesti keel;Pärnu maakond;Pärnu Ühisgümnaasium;statsionaarne õpe;52;100;59,1;59,1;59,5;12,8;0;0;30;89;55,6;62,7
2019;Eesti keel (riigieksam 2019);4550;M;põhikool või gümnaasium;eesti;Eesti keel;Jõgeva maakond;Jõgeva Täiskasvanute Keskkool;mittestatsionaarne õpe;8;100;38,2;38,2;41;10,1;0;0;22;49;29,8;46,7
2019;Eesti keel (riigieksam 2019);4550;N;põhikool või gümnaasium;eesti;Eesti keel;Tartu maakond;Lähte Ühisgümnaasium;statsionaarne õpe;23;100;57,4;57,4;55;13,6;0;0;34;83;51,5;63,3
2019;Eesti keel (riigieksam 2019);4550;M;põhikool või gümnaasium;eesti;Eesti keel;Harju maakond;Tallinna Laagna Gümnaasium;statsionaarne õpe;16;100;54,3;54,3;55,5;9,1;0;0;39;71;49,5;59,1
2019;Eesti keel (riigieksam 2019);4550;M;põhikool või gümnaasium;eesti;Eesti keel;Jõgeva maakond;Jõgevamaa Gümnaasium;statsionaarne õpe;18;100;72,1;72,1;70;12,6;0;0;43;89;65,8;78,3
2019;Eesti keel (riigieksam 2019);4550;M;kutseõppeasutus;eesti;Eesti keel;Harju maakond;Tallinna Tööstushariduskeskus;statsionaarne õpe - koolipõhine õpe;13;100;39;39;41;11,1;0;0;23;55;32,3;45,7
2019;Eesti keel (riigieksam 2019);4550;N;põhikool või gümnaasium;eesti;Eesti keel;Lääne maakond;Läänemaa Ühisgümnaasium;statsionaarne õpe;48;100;68;68;69;11;0;0;40;92;64,8;71,2
2019;Eesti keel (riigieksam 2019);4550;M;põhikool või gümnaasium;eesti;Eesti keel;Tartu maakond;Ülenurme Gümnaasium;statsionaarne õpe;25;100;54,7;54,7;53;13,5;0;0;40;89;49,1;60,3
2019;Eesti keel (riigieksam 2019);4550;M;põhikool või gümnaasium;eesti;Eesti keel;Viljandi maakond;August Kitzbergi nimeline Gümnaasium;statsionaarne õpe;12;100;54;54;52;12,5;0;0;38;80;46,1;61,9
2019;Eesti keel (riigieksam 2019);4550;N;põhikool või gümnaasium;eesti;Eesti keel;Harju maakond;Tallinna Vanalinna Täiskasvanute Gümnaasium;eksternõpe;12;100;51,3;51,3;50;12,7;0;0;32;76;43,3;59,4
2019;Eesti keel (riigieksam 2019);4550;M;põhikool või gümnaasium;eesti;Eesti keel;Jõgeva maakond;Avinurme Gümnaasium;statsionaarne õpe;6;100;60;60;64,5;17,7;0;0;34;76;41,4;78,6
2019;Eesti keel (riigieksam 2019);4550;M;põhikool või gümnaasium;eesti;Eesti keel;Lääne maakond;Kullamaa Keskkool;statsionaarne õpe;6;100;54,5;54,5;48;19,1;0;0;39;90;34,5;74,5
2019;Eesti keel (riigieksam 2019);4550;N;põhikool või gümnaasium;eesti;Eesti keel;Pärnu maakond;Pärnu Sütevaka Humanitaargümnaasium;statsionaarne õpe;38;100;83,7;83,7;85;10,4;0;0;57;98;80,3;87,1
2019;Eesti keel (riigieksam 2019);4550;M;põhikool või gümnaasium;eesti;Eesti keel;Harju maakond;Keila Kool;mittestatsionaarne õpe;5;100;37,2;37,2;37;7,9;0;0;26;48;27,4;47
2019;Eesti keel (riigieksam 2019);4550;M;põhikool või gümnaasium;eesti;Eesti keel;Tartu maakond;Luunja Keskkool;statsionaarne õpe;8;100;40,5;40,5;40,5;13,9;0;0;13;60;28,9;52,1
2019;Eesti keel (riigieksam 2019);4550;M;põhikool või gümnaasium;eesti;Eesti keel;Pärnu maakond;Sindi Gümnaasium;statsionaarne õpe;6;100;42,2;42,2;45,5;11,7;0;0;26;56;29,9;54,4
2019;Eesti keel (riigieksam 2019);4550;N;põhikool või gümnaasium;eesti;Eesti keel;Harju maakond;Tallinna Laagna Gümnaasium;statsionaarne õpe;10;100;52,9;52,9;52,5;15,1;0;0;36;85;42,1;63,7
2019;Eesti keel (riigieksam 2019);4550;M;põhikool või gümnaasium;eesti;Eesti keel;Harju maakond;Tallinna Pääsküla Kool;statsionaarne õpe;10;100;40;40;36;13,2;0;0;27;64;30,6;49,4
2019;Eesti keel (riigieksam 2019);4550;M;põhikool või gümnaasium;eesti;Eesti keel;Tartu maakond;Tartu Waldorfgümnaasium;statsionaarne õpe;9;100;58;58;58;19,2;0;0;25;83;43,2;72,8
2019;Eesti keel (riigieksam 2019);4550;N;põhikool või gümnaasium;eesti;Eesti keel;Harju maakond;Tallinna 21. Kool;statsionaarne õpe;60;100;74,4;74,4;74,5;9,7;0;0;46;93;71,8;76,9
2019;Eesti keel (riigieksam 2019);4550;N;põhikool või gümnaasium;eesti;Eesti keel;Viljandi maakond;Suure-Jaani Gümnaasium;statsionaarne õpe;9;100;65,7;65,7;66;12,4;0;0;49;85;56,2;75,2
2019;Eesti keel (riigieksam 2019);4550;M;põhikool või gümnaasium;eesti;Eesti keel;Pärnu maakond;Pärnu Täiskasvanute Gümnaasium;mittestatsionaarne õpe;18;100;50,3;50,3;50;14,3;0;0;32;80;43,2;57,4
2019;Eesti keel (riigieksam 2019);4550;N;Määramata;eesti;Eesti keel;Määramata;Määramata;Määramata;8;100;65,6;65,6;70,5;23,6;0;0;29;91;45,9;85,4
2019;Eesti keel (riigieksam 2019);4550;M;põhikool või gümnaasium;eesti;Eesti keel;Tartu maakond;Nõo Reaalgümnaasium;statsionaarne õpe;43;100;68,6;68,6;69;11;0;0;49;90;65,2;72
2019;Eesti keel (riigieksam 2019);4550;M;põhikool või gümnaasium;eesti;Eesti keel;Lääne maakond;Läänemaa Ühisgümnaasium;statsionaarne õpe;40;100;53,7;53,7;55,5;17,2;0;0;4;82;48,2;59,2
2019;Eesti keel (riigieksam 2019);4550;N;põhikool või gümnaasium;eesti;Eesti keel;Harju maakond;Tallinna Saksa Gümnaasium;statsionaarne õpe;48;100;67,4;67,4;69;15,3;0;0;25;98;63;71,9
2019;Eesti keel (riigieksam 2019);4550;N;põhikool või gümnaasium;eesti;Eesti keel;Harju maakond;Pirita Majandusgümnaasium;statsionaarne õpe;16;100;61,1;61,1;62,5;14,4;0;0;35;85;53,4;68,8
2019;Eesti keel (riigieksam 2019);4550;M;kutseõppeasutus;eesti;Eesti keel;Viljandi maakond;Viljandi Kutseõppekeskus;statsionaarne õpe - koolipõhine õpe;16;100;41,2;41,2;38;11,5;0;0;18;62;35,1;47,4
2019;Eesti keel (riigieksam 2019);4550;M;põhikool või gümnaasium;eesti;Eesti keel;Pärnu maakond;Pärnu Sütevaka Humanitaargümnaasium;statsionaarne õpe;20;100;81,7;81,7;84,5;9,4;0;0;63;92;77,3;86
2019;Eesti keel (riigieksam 2019);4550;N;põhikool või gümnaasium;eesti;Eesti keel;Lääne-Viru maakond;Tamsalu Gümnaasium;statsionaarne õpe;17;100;60,9;60,9;61;13,2;0;0;37;85;54,1;67,7
2019;Eesti keel (riigieksam 2019);4550;N;põhikool või gümnaasium;eesti;Eesti keel;Pärnu maakond;Pärnu Täiskasvanute Gümnaasium;mittestatsionaarne õpe;36;100;57,5;57,5;60;14,9;0;0;16;81;52,5;62,6
2019;Eesti keel (riigieksam 2019);4550;N;põhikool või gümnaasium;eesti;Eesti keel;Jõgeva maakond;Jõgevamaa Gümnaasium;statsionaarne õpe;43;100;76,1;76,1;79;10,4;0;0;50;92;72,9;79,3
2019;Eesti keel (riigieksam 2019);4550;M;põhikool või gümnaasium;eesti;Eesti keel;Harju maakond;Vanalinna Hariduskolleegium;statsionaarne õpe;34;100;70,7;70,7;74;14,9;0;0;20;90;65,5;75,9
2019;Eesti keel (riigieksam 2019);4550;M;kutseõppeasutus;eesti;Eesti keel;Harju maakond;Tallinna Polütehnikum;statsionaarne õpe - koolipõhine õpe;34;100;44,9;44,9;44;14,4;0;0;16;77;39,9;49,9
2019;Eesti keel (riigieksam 2019);4550;N;põhikool või gümnaasium;eesti;Eesti keel;Harju maakond;Tallinna Mustamäe Gümnaasium;statsionaarne õpe;30;100;63,4;63,4;65,5;14;0;0;34;87;58,2;68,6
2019;Eesti keel (riigieksam 2019);4550;N;põhikool või gümnaasium;eesti;Eesti keel;Lääne maakond;Noarootsi Gümnaasium;statsionaarne õpe;30;100;67,7;67,7;70,5;14,1;0;0;40;91;62,5;73
2019;Eesti keel (riigieksam 2019);4550;N;põhikool või gümnaasium;eesti;Eesti keel;Harju maakond;Pelgulinna Gümnaasium;statsionaarne õpe;26;100;57,2;57,2;56;15;0;0;35;86;51,1;63,3
2019;Eesti keel (riigieksam 2019);4550;M;kutseõppeasutus;eesti;Eesti keel;Viljandi maakond;Olustvere Teenindus- ja Maamajanduskool;statsionaarne õpe - koolipõhine õpe;7;100;53,7;53,7;49;20,4;0;0;31;83;34,9;72,6
2019;Eesti keel (riigieksam 2019);4550;M;põhikool või gümnaasium;eesti;Eesti keel;Harju maakond;Tallinna Vanalinna Täiskasvanute Gümnaasium;eksternõpe;5;100;27,8;27,8;29;8,2;0;0;18;39;17,7;37,9
2019;Eesti keel (riigieksam 2019);4550;M;põhikool või gümnaasium;eesti;Eesti keel;Valga maakond;Valga Gümnaasium;statsionaarne õpe;18;100;51,9;51,9;52;20,6;0;0;20;93;41,7;62,2
2019;Eesti keel (riigieksam 2019);4550;M;põhikool või gümnaasium;eesti;Eesti keel;Lääne-Viru maakond;Rakvere Reaalgümnaasium;statsionaarne õpe;29;100;54;54;53;14;0;0;19;76;48,7;59,3
2019;Eesti keel (riigieksam 2019);4550;N;põhikool või gümnaasium;eesti;Eesti keel;Saare maakond;Kuressaare Täiskasvanute Gümnaasium;mittestatsionaarne õpe;37;100;60,4;60,4;61;13,9;0;0;32;89;55,8;65
2019;Eesti keel (riigieksam 2019);4550;N;põhikool või gümnaasium;eesti;Eesti keel;Harju maakond;Vanalinna Hariduskolleegium;statsionaarne õpe;51;100;79;79;82;13,6;0;0;28;99;75,2;82,8
2019;Eesti keel (riigieksam 2019);4550;M;põhikool või gümnaasium;eesti;Eesti keel;Valga maakond;Audentese Spordigümnaasiumi Otepää filiaal;statsionaarne õpe;13;100;44,5;44,5;47;14,1;0;0;14;69;36;53,1
2019;Eesti keel (riigieksam 2019);4550;M;kutseõppeasutus;eesti;Eesti keel;Lääne maakond;Haapsalu Kutsehariduskeskus;statsionaarne õpe - koolipõhine õpe;8;100;34,6;34,6;32,5;10,7;0;0;20;52;25,7;43,6
2019;Eesti keel (riigieksam 2019);4550;M;põhikool või gümnaasium;eesti;Eesti keel;Viljandi maakond;Abja Gümnaasium;statsionaarne õpe;10;100;46,3;46,3;43;13;0;0;33;67;37;55,6
2019;Eesti keel (riigieksam 2019);4550;M;põhikool või gümnaasium;eesti;Eesti keel;Harju maakond;Jakob Westholmi Gümnaasium;statsionaarne õpe;22;100;62,5;62,5;62,5;12,7;0;0;41;86;56,9;68,2
2019;Eesti keel (riigieksam 2019);4550;N;põhikool või gümnaasium;eesti;Eesti keel;Tartu maakond;Miina Härma Gümnaasium;statsionaarne õpe;52;100;74,4;74,4;77;11,6;0;0;45;91;71,1;77,6
2019;Eesti keel (riigieksam 2019);4550;N;põhikool või gümnaasium;eesti;Eesti keel;Tartu maakond;Elva Gümnaasium;mittestatsionaarne õpe;9;100;57,9;57,9;48;21;0;0;31;93;41,7;74
2019;Eesti keel (riigieksam 2019);4550;M;põhikool või gümnaasium;eesti;Eesti keel;Saare maakond;Kuressaare Täiskasvanute Gümnaasium;mittestatsionaarne õpe;10;100;57,5;57,5;57;13,2;0;0;41;80;48,1;66,9
2019;Eesti keel (riigieksam 2019);4550;N;põhikool või gümnaasium;eesti;Eesti keel;Viljandi maakond;Abja Gümnaasium;statsionaarne õpe;21;100;55;55;54;7,8;0;0;42;72;51,4;58,6
2019;Eesti keel (riigieksam 2019);4550;M;põhikool või gümnaasium;eesti;Eesti keel;Lääne-Viru maakond;Rakvere Gümnaasium;statsionaarne õpe;20;100;58,6;58,6;63,5;19,2;1;0;0;90;49,6;67,6
2019;Eesti keel (riigieksam 2019);4550;N;põhikool või gümnaasium;eesti;Eesti keel;Harju maakond;Viimsi Gümnaasium;statsionaarne õpe;38;100;68,3;68,3;68,5;13,1;0;0;40;90;64;72,6
2019;Eesti keel (riigieksam 2019);4550;M;põhikool või gümnaasium;eesti;Eesti keel;Harju maakond;Tabasalu Ühisgümnaasium;statsionaarne õpe;15;100;61,5;61,5;62;14,4;0;0;32;89;53,6;69,5
2019;Eesti keel (riigieksam 2019);4550;M;põhikool või gümnaasium;eesti;Eesti keel;Harju maakond;Keila Kool;statsionaarne õpe;34;100;62,3;62,3;61;12,2;0;0;39;86;58;66,5
2019;Eesti keel (riigieksam 2019);4550;M;põhikool või gümnaasium;eesti;Eesti keel;Järva maakond;Paide Gümnaasium;statsionaarne õpe;26;100;60,7;60,7;60,5;12,4;0;0;38;87;55,7;65,7
2019;Eesti keel (riigieksam 2019);4550;M;põhikool või gümnaasium;eesti;Eesti keel;Viljandi maakond;Viljandi Täiskasvanute Gümnaasium;mittestatsionaarne õpe;9;100;44,7;44,7;43;14,4;0;0;27;66;33,6;55,7
2019;Eesti keel (riigieksam 2019);4550;M;põhikool või gümnaasium;eesti;Eesti keel;Tartu maakond;Tartu Tamme Gümnaasium;statsionaarne õpe;54;100;61,2;61,2;60,5;12,3;0;0;37;94;57,9;64,6
2019;Eesti keel (riigieksam 2019);4550;M;kutseõppeasutus;eesti;Eesti keel;Lääne-Viru maakond;Rakvere Ametikool;statsionaarne õpe - koolipõhine õpe;9;100;33;33;34;15;0;0;12;62;21,5;44,5
2019;Eesti keel (riigieksam 2019);4550;N;Määramata;Määramata;Eesti keel;Määramata;Määramata;Määramata;77;100;56,1;56,1;55;18,1;0;0;9;97;52;60,2
2019;Eesti keel (riigieksam 2019);4550;M;põhikool või gümnaasium;eesti;Eesti keel;Pärnu maakond;Häädemeeste Keskkool;statsionaarne õpe;6;100;60;60;62,5;16,8;0;0;41;86;42,4;77,6
2019;Eesti keel (riigieksam 2019);4550;M;põhikool või gümnaasium;eesti;Eesti keel;Tartu maakond;Lähte Ühisgümnaasium;statsionaarne õpe;19;100;59,7;59,7;62;17,8;0;0;29;85;51,2;68,3
2019;Eesti keel (riigieksam 2019);4550;N;kutseõppeasutus;eesti;Eesti keel;Lääne-Viru maakond;Rakvere Ametikool;statsionaarne õpe - koolipõhine õpe;6;100;35,7;35,7;35;12,2;0;0;20;56;22,9;48,4
2019;Eesti keel (riigieksam 2019);4550;N;põhikool või gümnaasium;eesti;Eesti keel;Järva maakond;Paide Täiskasvanute Keskkool;mittestatsionaarne õpe;12;100;52;52;49,5;17,6;0;0;28;85;40,8;63,2
2019;Eesti keel (riigieksam 2019);4550;N;põhikool või gümnaasium;eesti;Eesti keel;Harju maakond;Audentese Erakool;mittestatsionaarne õpe;11;100;59,7;59,7;58;16,2;0;0;34;86;48,9;70,6
2019;Eesti keel (riigieksam 2019);4550;M;põhikool või gümnaasium;eesti;Eesti keel;Pärnu maakond;Kilingi-Nõmme Gümnaasium;statsionaarne õpe;15;100;49,9;49,9;52;20,2;0;0;19;91;38,7;61,1
2019;Eesti keel (riigieksam 2019);4550;M;põhikool või gümnaasium;eesti;Eesti keel;Harju maakond;Tallinna Järveotsa Gümnaasium;statsionaarne õpe;13;100;53,6;53,6;52;15,9;0;0;24;80;44;63,2
2019;Eesti keel (riigieksam 2019);4550;N;põhikool või gümnaasium;eesti;Eesti keel;Rapla maakond;Rapla Gümnaasium;statsionaarne õpe;46;100;70;70;70,5;12,2;0;0;34;99;66,4;73,6
2019;Eesti keel (riigieksam 2019);4550;M;põhikool või gümnaasium;eesti;Eesti keel;Tartu maakond;Võnnu Keskkool;statsionaarne õpe;7;100;48,1;48,1;51;13;0;0;25;64;36,1;60,2
2019;Eesti keel (riigieksam 2019);4550;N;põhikool või gümnaasium;eesti;Eesti keel;Harju maakond;Saku Gümnaasium;statsionaarne õpe;36;100;64,8;64,8;63,5;12,3;0;0;43;84;60,6;69
2019;Eesti keel (riigieksam 2019);4550;M;põhikool või gümnaasium;eesti;Eesti keel;Harju maakond;Tallinna Õismäe Gümnaasium;statsionaarne õpe;22;100;58,9;58,9;56,5;16,5;0;0;25;81;51,6;66,2
2019;Eesti keel (riigieksam 2019);4550;M;põhikool või gümnaasium;eesti;Eesti keel;Jõgeva maakond;Oskar Lutsu Palamuse Gümnaasium;statsionaarne õpe;10;100;59,9;59,9;59,5;14,8;0;0;32;86;49,3;70,5
2019;Eesti keel (riigieksam 2019);4550;N;põhikool või gümnaasium;eesti;Eesti keel;Tartu maakond;Tartu Tamme Gümnaasium;statsionaarne õpe;87;100;71,7;71,7;73;11,7;0;0;38;95;69,2;74,2
2019;Eesti keel (riigieksam 2019);4550;M;põhikool või gümnaasium;eesti;Eesti keel;Võru maakond;Antsla Gümnaasium;statsionaarne õpe;7;100;47;47;46;13,7;0;0;31;67;34,3;59,7
2019;Eesti keel (riigieksam 2019);4550;M;põhikool või gümnaasium;eesti;Eesti keel;Harju maakond;Tallinna Lilleküla Gümnaasium;statsionaarne õpe;18;100;52,1;52,1;51;12,2;0;0;35;78;46,1;58,2
2019;Eesti keel (riigieksam 2019);4550;M;põhikool või gümnaasium;eesti;Eesti keel;Pärnu maakond;Lihula Gümnaasium;statsionaarne õpe;7;100;59,4;59,4;60;12,9;0;0;42;77;47,5;71,3
2019;Eesti keel (riigieksam 2019);4550;M;põhikool või gümnaasium;eesti;Eesti keel;Tartu maakond;Tartu Jaan Poska Gümnaasium;statsionaarne õpe;67;100;70;70;70;13,1;0;0;41;96;66,9;73,2
2019;Eesti keel (riigieksam 2019);4550;M;põhikool või gümnaasium;eesti;Eesti keel;Harju maakond;Kadrioru Saksa Gümnaasium;statsionaarne õpe;16;100;61,9;61,9;64;11,4;0;0;39;82;55,9;68
2019;Eesti keel (riigieksam 2019);4550;M;põhikool või gümnaasium;eesti;Eesti keel;Harju maakond;Saue Gümnaasium;statsionaarne õpe;17;100;64,6;64,6;63;9,6;0;0;49;78;59,6;69,5
2019;Eesti keel (riigieksam 2019);4550;M;põhikool või gümnaasium;eesti;Eesti keel;Järva maakond;Aravete Keskkool;statsionaarne õpe;5;100;60,8;60,8;63;12,3;0;0;47;73;45,5;76,1
2019;Eesti keel (riigieksam 2019);4550;M;kutseõppeasutus;eesti;Eesti keel;Pärnu maakond;Pärnumaa Kutsehariduskeskus;statsionaarne õpe - koolipõhine õpe;16;100;37,1;37,1;32;14,1;0;0;19;72;29,6;44,6
2019;Eesti keel (riigieksam 2019);4550;M;põhikool või gümnaasium;eesti;Eesti keel;Lääne-Viru maakond;Kadrina Keskkool;statsionaarne õpe;12;100;62;62;63,5;9,7;0;0;49;79;55,9;68,1
2019;Eesti keel (riigieksam 2019);4550;N;põhikool või gümnaasium;eesti;Eesti keel;Lääne-Viru maakond;Kadrina Keskkool;statsionaarne õpe;23;100;65,6;65,6;67;12,2;0;0;46;88;60,3;70,9
2019;Eesti keel (riigieksam 2019);4550;N;põhikool või gümnaasium;eesti;Eesti keel;Tartu maakond;Rõngu Keskkool;statsionaarne õpe;5;100;70,2;70,2;67;15,1;0;0;52;92;51,4;89
2019;Eesti keel (riigieksam 2019);4550;N;põhikool või gümnaasium;eesti;Eesti keel;Pärnu maakond;Pärnu Koidula Gümnaasium;statsionaarne õpe;96;100;72,6;72,6;73;13;0;0;37;99;70;75,3
2019;Eesti keel (riigieksam 2019);4550;N;põhikool või gümnaasium;eesti;Eesti keel;Lääne-Viru maakond;Rakvere Eragümnaasium;statsionaarne õpe;22;100;53,2;53,2;55,5;12,7;0;0;25;72;47,5;58,8
2019;Eesti keel (riigieksam 2019);4550;N;põhikool või gümnaasium;eesti;Eesti keel;Harju maakond;Audentese Spordigümnaasium;statsionaarne õpe;19;100;61,7;61,7;64;11,3;0;0;39;85;56,2;67,1
2019;Eesti keel (riigieksam 2019);4550;N;põhikool või gümnaasium;eesti;Eesti keel;Tartu maakond;Tartu Jaan Poska Gümnaasium;statsionaarne õpe;114;100;76,6;76,6;78;10,1;0;0;50;94;74,8;78,5
2019;Eesti keel (riigieksam 2019);4550;N;põhikool või gümnaasium;eesti;Eesti keel;Järva maakond;Koeru Keskkool;statsionaarne õpe;7;100;70,9;70,9;67;14,6;0;0;49;96;57,3;84,4
2019;Eesti keel (riigieksam 2019);4550;M;põhikool või gümnaasium;eesti;Eesti keel;Lääne-Viru maakond;Vinni-Pajusti Gümnaasium;statsionaarne õpe;10;100;70,5;70,5;70,5;14,5;0;0;47;91;60,1;80,9
2019;Eesti keel (riigieksam 2019);4550;N;põhikool või gümnaasium;eesti;Eesti keel;Tartu maakond;Tartu Waldorfgümnaasium;statsionaarne õpe;7;100;71,1;71,1;69;9,4;0;0;55;85;62,4;79,9
2019;Eesti keel (riigieksam 2019);4550;N;kutseõppeasutus;eesti;Eesti keel;Ida-Viru maakond;Ida-Virumaa Kutsehariduskeskus;statsionaarne õpe - koolipõhine õpe;6;100;46,5;46,5;46;15,6;0;0;22;66;30,1;62,9
2019;Eesti keel (riigieksam 2019);4550;N;põhikool või gümnaasium;eesti;Eesti keel;Hiiu maakond;Hiiumaa Gümnaasium;statsionaarne õpe;17;100;71,2;71,2;71;15;0;0;49;98;63,4;78,9
2019;Eesti keel (riigieksam 2019);4550;M;kutseõppeasutus;eesti;Eesti keel;Harju maakond;Tallinna Ehituskool;statsionaarne õpe - koolipõhine õpe;11;100;34,8;34,8;35;15,8;0;0;11;60;24,2;45,4
2019;Eesti keel (riigieksam 2019);4550;N;põhikool või gümnaasium;eesti;Eesti keel;Rapla maakond;Kohila Gümnaasium;statsionaarne õpe;27;100;61,6;61,6;57;14,3;0;0;35;88;56;67,3
2019;Eesti keel (riigieksam 2019);4550;M;põhikool või gümnaasium;eesti;Eesti keel;Tartu maakond;Tartu Kristjan Jaak Petersoni Gümnaasium;statsionaarne õpe;77;100;58,6;58,6;58;12;0;0;30;84;55,8;61,3
2019;Eesti keel (riigieksam 2019);4550;M;põhikool või gümnaasium;eesti;Eesti keel;Harju maakond;Tallinna Täiskasvanute Gümnaasium;eksternõpe;6;100;38;38;38,5;9,6;0;0;22;51;28;48
2019;Eesti keel (riigieksam 2019);4550;M;põhikool või gümnaasium;eesti;Eesti keel;Rapla maakond;Märjamaa Gümnaasium;statsionaarne õpe;12;100;55,1;55,1;54;12;0;0;37;78;47,5;62,7
2019;Eesti keel (riigieksam 2019);4550;N;põhikool või gümnaasium;eesti;Eesti keel;Valga maakond;Valga Kaugõppegümnaasium;mittestatsionaarne õpe;7;100;41,7;41,7;45;9,9;0;0;24;52;32,5;50,9
2019;Eesti keel (riigieksam 2019);4550;N;põhikool või gümnaasium;eesti;Eesti keel;Harju maakond;Maardu Gümnaasium;mittestatsionaarne õpe;5;100;32,2;32,2;31;11,2;0;0;21;50;18,3;46,1
2019;Eesti keel (riigieksam 2019);4550;M;põhikool või gümnaasium;eesti;Eesti keel;Võru maakond;Võru Täiskasvanute Gümnaasium;mittestatsionaarne õpe;9;100;30,4;30,4;33;12,8;0;0;8;45;20,6;40,3
2019;Eesti keel (riigieksam 2019);4550;M;põhikool või gümnaasium;eesti;Eesti keel;Harju maakond;Tallinna Vanalinna Täiskasvanute Gümnaasium;mittestatsionaarne õpe;78;100;44,2;44,2;44;15,3;0;0;10;90;40,7;47,6
2019;Eesti keel (riigieksam 2019);4550;M;põhikool või gümnaasium;eesti;Eesti keel;Ida-Viru maakond;Narva Vanalinna Riigikool;statsionaarne õpe;8;100;42,2;42,2;44;12,6;0;0;26;58;31,7;52,8
2019;Eesti keel (riigieksam 2019);4550;M;põhikool või gümnaasium;eesti;Eesti keel;Harju maakond;Kiili Gümnaasium;statsionaarne õpe;12;100;61,2;61,2;66,5;14,5;0;0;39;81;52;70,5
2019;Eesti keel (riigieksam 2019);4550;M;põhikool või gümnaasium;eesti;Eesti keel;Tartu maakond;Elva Gümnaasium;statsionaarne õpe;15;100;55,8;55,8;55;10,7;0;0;42;79;49,9;61,7
2019;Eesti keel (riigieksam 2019);4550;N;põhikool või gümnaasium;eesti;Eesti keel;Harju maakond;Paldiski Ühisgümnaasium;statsionaarne õpe;7;100;57;57;59;17,4;0;0;35;86;40,9;73,1
2019;Eesti keel (riigieksam 2019);4550;N;põhikool või gümnaasium;eesti;Eesti keel;Harju maakond;Tallinna Inglise Kolledž;statsionaarne õpe;8;100;76,8;76,8;76;7,4;0;0;66;91;70,5;83
2019;Eesti keel (riigieksam 2019);4550;N;põhikool või gümnaasium;eesti;Eesti keel;Harju maakond;Tabasalu Ühisgümnaasium;statsionaarne õpe;14;100;68,2;68,2;68,5;16,4;0;0;24;88;58,7;77,7
2019;Eesti keel (riigieksam 2019);4550;N;põhikool või gümnaasium;eesti;Eesti keel;Harju maakond;Keila Kool;statsionaarne õpe;31;100;68,4;68,4;68;12,4;0;0;43;93;63,9;73
2019;Eesti keel (riigieksam 2019);4550;N;põhikool või gümnaasium;eesti;Eesti keel;Viljandi maakond;August Kitzbergi nimeline Gümnaasium;statsionaarne õpe;10;100;63,2;63,2;66;13,9;0;0;35;82;53,3;73,1
2019;Eesti keel (riigieksam 2019);4550;N;põhikool või gümnaasium;eesti;Eesti keel;Järva maakond;Järva-Jaani Gümnaasium;statsionaarne õpe;6;100;52,3;52,3;58;19,9;0;0;23;72;31,4;73,2
2019;Eesti keel (riigieksam 2019);4550;N;põhikool või gümnaasium;eesti;Eesti keel;Valga maakond;Otepää Gümnaasium;statsionaarne õpe;13;100;66,5;66,5;68;11,4;0;0;45;88;59,7;73,4
2019;Eesti keel (riigieksam 2019);4550;N;põhikool või gümnaasium;eesti;Eesti keel;Harju maakond;Tallinna Pääsküla Kool;statsionaarne õpe;12;100;48,6;48,6;50;10,5;0;0;29;67;41,9;55,3
2019;Eesti keel (riigieksam 2019);4550;M;põhikool või gümnaasium;eesti;Eesti keel;Võru maakond;Parksepa Keskkool;statsionaarne õpe;11;100;53,1;53,1;54;13,4;0;0;30;74;44,1;62,1
2019;Eesti keel (riigieksam 2019);4550;N;põhikool või gümnaasium;eesti;Eesti keel;Harju maakond;Tallinna Muusikakeskkool;statsionaarne õpe;20;100;66;66;72;18,5;0;0;20;94;57,4;74,7
2019;Eesti keel (riigieksam 2019);4550;N;põhikool või gümnaasium;eesti;Eesti keel;Harju maakond;Kose Gümnaasium;statsionaarne õpe;18;100;65,3;65,3;66,5;16,5;0;0;30;94;57,1;73,5
2019;Eesti keel (riigieksam 2019);4550;N;põhikool või gümnaasium;eesti;Eesti keel;Ida-Viru maakond;Kiviõli I Keskkool;statsionaarne õpe;8;100;57,5;57,5;61;23,4;0;0;27;92;37,9;77,1
2019;Eesti keel (riigieksam 2019);4550;N;põhikool või gümnaasium;eesti;Eesti keel;Saare maakond;Saaremaa Ühisgümnaasium;statsionaarne õpe;31;100;75;75;76;8,4;0;0;53;92;71,9;78,1
2019;Eesti keel (riigieksam 2019);4550;N;põhikool või gümnaasium;eesti;Eesti keel;Harju maakond;Tallinna Õismäe Gümnaasium;statsionaarne õpe;16;100;65,7;65,7;67,5;13,7;0;0;36;92;58,4;73
2019;Eesti keel (riigieksam 2019);4550;N;põhikool või gümnaasium;eesti;Eesti keel;Lääne maakond;Kullamaa Keskkool;statsionaarne õpe;5;100;72,8;72,8;76;11,5;0;0;54;85;58,5;87,1
2019;Eesti keel (riigieksam 2019);4550;M;kutseõppeasutus;eesti;Eesti keel;Tartu maakond;Tartu Kutsehariduskeskus;statsionaarne õpe - koolipõhine õpe;20;100;37,6;37,6;35,5;11,2;0;0;20;58;32,4;42,9
2019;Eesti keel (riigieksam 2019);4550;M;põhikool või gümnaasium;eesti;Eesti keel;Tartu maakond;Hugo Treffneri Gümnaasium;statsionaarne õpe;64;100;81,4;81,4;83;10,2;0;1;52;100;78,9;84
2019;Eesti keel (riigieksam 2019);4550;N;põhikool või gümnaasium;eesti;Eesti keel;Hiiu maakond;Hiiumaa Gümnaasium;mittestatsionaarne õpe;8;100;51,5;51,5;45;16,2;0;0;31;78;37,9;65,1
2019;Eesti keel (riigieksam 2019);4550;N;põhikool või gümnaasium;eesti;Eesti keel;Harju maakond;Saue Gümnaasium;statsionaarne õpe;18;100;69,2;69,2;72,5;9,1;0;0;48;80;64,6;73,7
2019;Eesti keel (riigieksam 2019);4550;N;põhikool või gümnaasium;eesti;Eesti keel;Ida-Viru maakond;Toila Gümnaasium;statsionaarne õpe;6;100;60,2;60,2;61;17;0;0;38;81;42,4;78
2019;Eesti keel (riigieksam 2019);4550;N;kutseõppeasutus;eesti;Eesti keel;Harju maakond;Tallinna Teeninduskool;statsionaarne õpe - koolipõhine õpe;5;100;51,4;51,4;54;12,3;0;0;31;63;36,2;66,6
2019;Eesti keel (riigieksam 2019);4550;M;põhikool või gümnaasium;eesti;Eesti keel;Harju maakond;Saku Gümnaasium;statsionaarne õpe;26;100;59,2;59,2;59;11;0;0;42;82;54,7;63,6
2019;Eesti keel (riigieksam 2019);4550;N;põhikool või gümnaasium;eesti;Eesti keel;Põlva maakond;Räpina Ühisgümnaasium;statsionaarne õpe;5;100;64;64;62;11,6;0;0;50;82;49,7;78,3
2019;Eesti keel (riigieksam 2019);4550;M;põhikool või gümnaasium;eesti;Eesti keel;Järva maakond;Türi Ühisgümnaasium;statsionaarne õpe;24;100;54,7;54,7;55,5;10,9;0;0;39;73;50,1;59,3
2019;Eesti keel (riigieksam 2019);4550;N;põhikool või gümnaasium;eesti;Eesti keel;Ida-Viru maakond;Jõhvi Gümnaasium;statsionaarne õpe;19;100;57,2;57,2;61;12,3;0;0;27;74;51,2;63,1
2019;Eesti keel (riigieksam 2019);4550;N;põhikool või gümnaasium;eesti;Eesti keel;Pärnu maakond;Kilingi-Nõmme Gümnaasium;statsionaarne õpe;8;100;61,2;61,2;61,5;15,2;0;0;40;80;48,5;74
2019;Eesti keel (riigieksam 2019);4550;N;põhikool või gümnaasium;eesti;Eesti keel;Lääne-Viru maakond;Tapa Gümnaasium;statsionaarne õpe;15;100;66,9;66,9;66;14,2;0;0;45;93;59;74,7
2019;Eesti keel (riigieksam 2019);4550;N;põhikool või gümnaasium;eesti;Eesti keel;Harju maakond;Tallinna Nõmme Gümnaasium;statsionaarne õpe;46;100;62,4;62,4;63,5;15;0;0;27;86;58;66,9
2019;Eesti keel (riigieksam 2019);4550;N;põhikool või gümnaasium;eesti;Eesti keel;Viljandi maakond;Viljandi Täiskasvanute Gümnaasium;mittestatsionaarne õpe;24;100;47,4;47,4;50,5;17,2;0;0;4;73;40,1;54,6
2019;Eesti keel (riigieksam 2019);4550;N;põhikool või gümnaasium;eesti;Eesti keel;Harju maakond;Tallinna Täiskasvanute Gümnaasium;mittestatsionaarne õpe;57;100;49,2;49,2;46;14,5;0;0;26;75;45,4;53,1
2019;Eesti keel (riigieksam 2019);4550;M;kutseõppeasutus;eesti;Eesti keel;Järva maakond;Järvamaa Kutsehariduskeskus;statsionaarne õpe - koolipõhine õpe;6;100;38,5;38,5;43,5;15,8;0;0;14;55;22;55
2019;Eesti keel (riigieksam 2019);4550;M;põhikool või gümnaasium;eesti;Eesti keel;Valga maakond;Tõrva Gümnaasium;statsionaarne õpe;10;100;59,4;59,4;61,5;13,6;0;0;36;80;49,6;69,2
2019;Eesti keel (riigieksam 2019);4550;N;põhikool või gümnaasium;eesti;Eesti keel;Rapla maakond;Märjamaa Gümnaasium;statsionaarne õpe;7;100;64,3;64,3;66;6,6;0;0;55;73;58,2;70,4
2019;Eesti keel (riigieksam 2019);4550;N;põhikool või gümnaasium;eesti;Eesti keel;Harju maakond;Tallinna Kunstigümnaasium;statsionaarne õpe;22;100;54,9;54,9;57,5;14,5;0;0;24;76;48,5;61,3
2019;Eesti keel (riigieksam 2019);4550;M;põhikool või gümnaasium;eesti;Eesti keel;Võru maakond;Võru Gümnaasium;statsionaarne õpe;40;100;64,2;64,2;64;10;0;0;42;87;60,9;67,4
2019;Eesti keel (riigieksam 2019);4550;N;põhikool või gümnaasium;eesti;Eesti keel;Tartu maakond;Luunja Keskkool;statsionaarne õpe;10;100;52,4;52,4;50,5;13,5;0;0;35;78;42,7;62,1
2019;Eesti keel (riigieksam 2019);4550;M;põhikool või gümnaasium;eesti;Eesti keel;Harju maakond;Gustav Adolfi Gümnaasium;statsionaarne õpe;55;100;77,3;77,3;78;9,6;0;0;48;99;74,7;79,9
2019;Eesti keel (riigieksam 2019);4550;M;põhikool või gümnaasium;eesti;Eesti keel;Harju maakond;Tallinna Kuristiku Gümnaasium;statsionaarne õpe;18;100;50,2;50,2;48;11,9;0;0;31;71;44,2;56,1
2019;Eesti keel (riigieksam 2019);4550;M;põhikool või gümnaasium;eesti;Eesti keel;Harju maakond;Pirita Majandusgümnaasium;statsionaarne õpe;36;100;55,2;55,2;54;14;0;0;23;86;50,5;59,9
2019;Eesti keel (riigieksam 2019);4550;M;põhikool või gümnaasium;eesti;Eesti keel;Harju maakond;Audentese Spordigümnaasium;statsionaarne õpe;34;100;57,5;57,5;56;15,8;0;0;29;96;52;63
2019;Eesti keel (riigieksam 2019);4550;N;põhikool või gümnaasium;eesti;Eesti keel;Lääne-Viru maakond;Rakvere Reaalgümnaasium;statsionaarne õpe;45;100;65,5;65,5;66;14,1;0;1;27;100;61,2;69,7
2019;Eesti keel (riigieksam 2019);4550;N;põhikool või gümnaasium;eesti;Eesti keel;Ida-Viru maakond;Kohtla-Järve Järve Gümnaasium;statsionaarne õpe;10;100;66,9;66,9;66;14,6;0;0;41;93;56,5;77,3
2019;Eesti keel (riigieksam 2019);4550;M;põhikool või gümnaasium;eesti;Eesti keel;Jõgeva maakond;Põltsamaa Ühisgümnaasium;statsionaarne õpe;28;100;56,9;56,9;53,5;17,3;0;0;25;91;50,2;63,6
2019;Eesti keel (riigieksam 2019);4550;N;põhikool või gümnaasium;eesti;Eesti keel;Harju maakond;Gustav Adolfi Gümnaasium;statsionaarne õpe;85;100;80;80;82;10,6;0;0;39;96;77,7;82,3
2019;Eesti keel (riigieksam 2019);4550;N;põhikool või gümnaasium;eesti;Eesti keel;Valga maakond;Valga Gümnaasium;statsionaarne õpe;23;100;62;62;61;20;0;1;33;100;53,4;70,7
2019;Eesti keel (riigieksam 2019);4550;M;põhikool või gümnaasium;eesti;Eesti keel;Ida-Viru maakond;Jõhvi Gümnaasium;statsionaarne õpe;29;100;53,8;53,8;49;16,1;0;0;21;91;47,7;60
2019;Eesti keel (riigieksam 2019);4550;M;põhikool või gümnaasium;eesti;Eesti keel;Saare maakond;Kuressaare Gümnaasium;statsionaarne õpe;31;100;56,8;56,8;58;14,6;0;0;34;87;51,4;62,1
2019;Eesti keel (riigieksam 2019);4550;M;põhikool või gümnaasium;eesti;Eesti keel;Tartu maakond;Tartu Herbert Masingu Kool;statsionaarne õpe;9;100;48,1;48,1;47;11,6;0;0;32;64;39,2;57
2019;Eesti keel (riigieksam 2019);4550;M;põhikool või gümnaasium;eesti;Eesti keel;Pärnu maakond;Vändra Gümnaasium;statsionaarne õpe;11;100;50,5;50,5;52;14,6;0;0;22;69;40,7;60,3
2019;Eesti keel (riigieksam 2019);4550;N;põhikool või gümnaasium;eesti;Eesti keel;Pärnu maakond;Pärnu Täiskasvanute Gümnaasium;üksikud õppeained mittestatsionaarses õppes;6;100;42;42;35;21,3;0;0;21;76;19,6;64,4
2019;Eesti keel (riigieksam 2019);4550;M;põhikool või gümnaasium;eesti;Eesti keel;Saare maakond;Saaremaa Ühisgümnaasium;statsionaarne õpe;26;100;74,8;74,8;77,5;10,8;0;0;51;95;70,4;79,2
2019;Eesti keel (riigieksam 2019);4550;M;põhikool või gümnaasium;eesti;Eesti keel;Harju maakond;Tallinna Ühisgümnaasium;statsionaarne õpe;36;100;58,1;58,1;56,5;14,3;0;0;36;93;53,3;63
2019;Eesti keel (riigieksam 2019);4550;N;põhikool või gümnaasium;eesti;Eesti keel;Rapla maakond;Rapla Täiskasvanute Gümnaasium;mittestatsionaarne õpe;15;100;55,5;55,5;56;17,4;0;0;24;88;45,8;65,1
2019;Eesti keel (riigieksam 2019);4550;M;Määramata;eesti;Eesti keel;Määramata;Määramata;Määramata;10;100;53,4;53,4;52;18,8;0;0;24;78;39,9;66,9
2019;Eesti keel (riigieksam 2019);4550;M;põhikool või gümnaasium;eesti;Eesti keel;Harju maakond;Kose Gümnaasium;statsionaarne õpe;14;100;59,6;59,6;62,5;15,4;0;0;33;83;50,8;68,5
2019;Eesti keel (riigieksam 2019);4550;N;põhikool või gümnaasium;eesti;Eesti keel;Harju maakond;Tallinna Prantsuse Lütseum;statsionaarne õpe;32;100;84,6;84,6;87,5;11,3;0;1;60;100;80,5;88,7
2019;Eesti keel (riigieksam 2019);4550;M;põhikool või gümnaasium;eesti;Eesti keel;Harju maakond;Viimsi Gümnaasium;statsionaarne õpe;32;100;62,3;62,3;60,5;13,8;0;0;41;91;57,3;67,3
2019;Eesti keel (riigieksam 2019);4550;M;põhikool või gümnaasium;eesti;Eesti keel;Harju maakond;Jüri Gümnaasium;statsionaarne õpe;31;100;55,7;55,7;60;15,4;0;0;20;84;50;61,3
2019;Eesti keel (riigieksam 2019);4550;M;põhikool või gümnaasium;eesti;Eesti keel;Harju maakond;Tallinna Kristiine Gümnaasium;statsionaarne õpe;13;100;53,8;53,8;56;17,5;0;0;26;83;43,3;64,4
2019;Eesti keel (riigieksam 2019);4550;M;põhikool või gümnaasium;eesti;Eesti keel;Hiiu maakond;Hiiumaa Gümnaasium;statsionaarne õpe;19;100;57,2;57,2;59;12,7;0;0;37;79;51;63,3
2019;Eesti keel (riigieksam 2019);4550;N;põhikool või gümnaasium;eesti;Eesti keel;Tartu maakond;Tartu Täiskasvanute Gümnaasium;mittestatsionaarne õpe;48;100;60,3;60,3;59,5;15,6;0;0;17;86;55,8;64,8
2019;Eesti keel (riigieksam 2019);4550;N;kutseõppeasutus;eesti;Eesti keel;Tartu maakond;Tartu Kutsehariduskeskus;statsionaarne õpe - koolipõhine õpe;34;100;45,2;45,2;44,5;14,5;0;0;13;76;40,2;50,3
2019;Eesti keel (riigieksam 2019);4550;N;põhikool või gümnaasium;eesti;Eesti keel;Tartu maakond;Tartu Kristjan Jaak Petersoni Gümnaasium;statsionaarne õpe;109;100;65,9;65,9;67;11,6;0;0;37;88;63,7;68,1
2019;Eesti keel (riigieksam 2019);4550;N;põhikool või gümnaasium;eesti;Eesti keel;Harju maakond;Kiili Gümnaasium;statsionaarne õpe;10;100;65,1;65,1;62;12,1;0;0;51;89;56,5;73,7
2019;Eesti keel (riigieksam 2019);4550;M;põhikool või gümnaasium;eesti;Eesti keel;Põlva maakond;Räpina Ühisgümnaasium;statsionaarne õpe;9;100;58,1;58,1;59;12,5;0;0;41;82;48,5;67,7
2019;Eesti keel (riigieksam 2019);4550;N;põhikool või gümnaasium;eesti;Eesti keel;Valga maakond;Tõrva Gümnaasium;statsionaarne õpe;14;100;60,8;60,8;58;19,5;0;0;38;93;49,5;72,1
2019;Eesti keel (riigieksam 2019);4550;N;põhikool või gümnaasium;eesti;Eesti keel;Põlva maakond;Põlva Gümnaasium;statsionaarne õpe;39;100;61,2;61,2;65;14,6;0;0;21;87;56,5;65,9
2019;Eesti keel (riigieksam 2019);4550;N;põhikool või gümnaasium;eesti;Eesti keel;Lääne-Viru maakond;Vinni-Pajusti Gümnaasium;statsionaarne õpe;14;100;69;69;68;11,8;0;0;49;87;62,2;75,8
2019;Eesti keel (riigieksam 2019);4550;M;põhikool või gümnaasium;eesti;Eesti keel;Harju maakond;Tallinna Arte Gümnaasium;statsionaarne õpe;26;100;49,4;49,4;48,5;10,5;0;0;33;72;45,2;53,7
2019;Eesti keel (riigieksam 2019);4550;M;põhikool või gümnaasium;eesti;Eesti keel;Harju maakond;Tallinna Kunstigümnaasium;statsionaarne õpe;12;100;44,8;44,8;45;18,3;0;0;19;82;33,2;56,5
2019;Eesti keel (riigieksam 2019);4550;M;põhikool või gümnaasium;eesti;Eesti keel;Lääne-Viru maakond;Tapa Gümnaasium;mittestatsionaarne õpe;5;100;47,4;47,4;48;10,2;0;0;37;61;34,8;60
2019;Eesti keel (riigieksam 2019);4550;N;põhikool või gümnaasium;eesti;Eesti keel;Pärnu maakond;Häädemeeste Keskkool;statsionaarne õpe;5;100;67,4;67,4;66;11;0;0;54;80;53,7;81,1
2019;Eesti keel (riigieksam 2019);4550;M;põhikool või gümnaasium;eesti;Eesti keel;Rapla maakond;Kohila Gümnaasium;statsionaarne õpe;19;100;50,3;50,3;49;12,8;0;0;26;73;44,2;56,5
2019;Eesti keel (riigieksam 2019);4550;M;põhikool või gümnaasium;eesti;Eesti keel;Harju maakond;Tallinna Prantsuse Lütseum;statsionaarne õpe;25;100;78,8;78,8;79;9,7;0;0;58;95;74,8;82,8
2019;Eesti keel (riigieksam 2019);4550;M;põhikool või gümnaasium;eesti;Eesti keel;Harju maakond;Maardu Gümnaasium;mittestatsionaarne õpe;5;100;35,8;35,8;37;19,7;0;0;12;62;11,4;60,2
2019;Eesti keel (riigieksam 2019);4550;N;kutseõppeasutus;eesti;Eesti keel;Harju maakond;Tallinna Polütehnikum;statsionaarne õpe - koolipõhine õpe;13;100;53,6;53,6;51;20,3;0;0;15;82;41,4;65,9
2019;Eesti keel (riigieksam 2019);4550;M;põhikool või gümnaasium;eesti;Eesti keel;Harju maakond;Tallinna Tehnikagümnaasium;statsionaarne õpe;34;100;57,8;57,8;60,5;15,3;0;0;25;88;52,4;63,1
2019;Eesti keel (riigieksam 2019);4550;N;kutseõppeasutus;eesti;Eesti keel;Harju maakond;Tallinna Tööstushariduskeskus;statsionaarne õpe - koolipõhine õpe;16;100;42,6;42,6;42;11,7;0;0;22;65;36,3;48,8
2019;Eesti keel (riigieksam 2019);4550;M;põhikool või gümnaasium;eesti;Eesti keel;Pärnu maakond;Pärnu Koidula Gümnaasium;statsionaarne õpe;60;100;65,1;65,1;66;14,5;0;0;23;90;61,4;68,9
2019;Eesti keel (riigieksam 2019);4550;N;põhikool või gümnaasium;eesti;Eesti keel;Saare maakond;Kuressaare Gümnaasium;statsionaarne õpe;45;100;64,6;64,6;65;12,5;0;0;36;89;60,9;68,4
2019;Eesti keel (riigieksam 2019);4550;N;põhikool või gümnaasium;eesti;Eesti keel;Harju maakond;Jakob Westholmi Gümnaasium;statsionaarne õpe;44;100;71,4;71,4;74;12,3;0;0;42;92;67,7;75,1
2019;Eesti keel (riigieksam 2019);4550;M;põhikool või gümnaasium;eesti;Eesti keel;Ida-Viru maakond;Toila Gümnaasium;statsionaarne õpe;7;100;60,7;60,7;59;19,6;0;0;39;86;42,6;78,8
2019;Eesti keel (riigieksam 2019);4550;M;Määramata;Määramata;Eesti keel;Määramata;Määramata;Määramata;120;100;46,5;46,5;46;16;0;0;9;91;43,6;49,4
2019;Eesti keel (riigieksam 2019);4550;M;põhikool või gümnaasium;eesti;Eesti keel;Lääne-Viru maakond;Väike-Maarja Gümnaasium;statsionaarne õpe;11;100;63,5;63,5;63;10,2;0;0;43;84;56,6;70,3
2019;Eesti keel (riigieksam 2019);4550;N;põhikool või gümnaasium;eesti;Eesti keel;Harju maakond;Tallinna Reaalkool;statsionaarne õpe;49;100;82,6;82,6;82;8,2;0;0;60;99;80,2;84,9
2019;Eesti keel (riigieksam 2019);4550;N;põhikool või gümnaasium;eesti;Eesti keel;Pärnu maakond;Sindi Gümnaasium;statsionaarne õpe;7;100;50,7;50,7;51;13,3;0;0;30;69;38,4;63,1
2019;Eesti keel (riigieksam 2019);4550;M;põhikool või gümnaasium;eesti;Eesti keel;Harju maakond;Loo Keskkool;statsionaarne õpe;14;100;57,8;57,8;59;17,9;0;0;31;83;47,5;68,1
2019;Eesti keel (riigieksam 2019);4550;M;põhikool või gümnaasium;eesti;Eesti keel;Tartu maakond;Miina Härma Gümnaasium;statsionaarne õpe;41;100;62,9;62,9;61;12;0;0;43;93;59,1;66,7
2019;Eesti keel (riigieksam 2019);4550;N;põhikool või gümnaasium;eesti;Eesti keel;Harju maakond;Tallinna Ühisgümnaasium;statsionaarne õpe;39;100;59,7;59,7;60;14,1;0;0;31;90;55,1;64,3
2019;Eesti keel (riigieksam 2019);4550;N;põhikool või gümnaasium;eesti;Eesti keel;Harju maakond;Kadrioru Saksa Gümnaasium;statsionaarne õpe;44;100;64;64;65;15,1;0;0;21;96;59,5;68,6
2019;Eesti keel (riigieksam 2019);4550;M;põhikool või gümnaasium;eesti;Eesti keel;Harju maakond;Tallinna Inglise Kolledž;statsionaarne õpe;15;100;68,5;68,5;68;8,9;0;0;53;82;63,5;73,4
2019;Eesti keel (riigieksam 2019);4550;M;põhikool või gümnaasium;eesti;Eesti keel;Rapla maakond;Rapla Täiskasvanute Gümnaasium;mittestatsionaarne õpe;16;100;48,1;48,1;50;14,8;0;0;12;73;40,2;55,9
2019;Eesti keel (riigieksam 2019);4550;N;põhikool või gümnaasium;eesti;Eesti keel;Lääne-Viru maakond;Rakvere Täiskasvanute Gümnaasium;mittestatsionaarne õpe;19;100;55,8;55,8;54;11;0;0;36;79;50,6;61,1
2019;Eesti keel (riigieksam 2019);4550;M;põhikool või gümnaasium;eesti;Eesti keel;Valga maakond;Otepää Gümnaasium;statsionaarne õpe;12;100;62,2;62,2;58;11,8;0;0;49;89;54,7;69,7
2019;Eesti keel (riigieksam 2019);4550;M;põhikool või gümnaasium;eesti;Eesti keel;Lääne-Viru maakond;Tapa Gümnaasium;statsionaarne õpe;12;100;54,2;54,2;51;14,5;0;0;32;79;45,1;63,4
2019;Eesti keel (riigieksam 2019);4550;N;põhikool või gümnaasium;eesti;Eesti keel;Harju maakond;Keila Kool;mittestatsionaarne õpe;7;100;48;48;51;22,2;0;0;24;89;27,5;68,5
2019;Eesti keel (riigieksam 2019);4550;N;põhikool või gümnaasium;eesti;Eesti keel;Võru maakond;Võru Gümnaasium;statsionaarne õpe;48;100;68,2;68,2;67,5;10,3;0;0;44;96;65,2;71,2
2019;Eesti keel (riigieksam 2019);4550;N;põhikool või gümnaasium;eesti;Eesti keel;Järva maakond;Türi Ühisgümnaasium;statsionaarne õpe;13;100;55,1;55,1;54;15;0;0;33;75;46;64,1
2019;Eesti keel (riigieksam 2019);4550;M;põhikool või gümnaasium;eesti;Eesti keel;Harju maakond;Tallinna Saksa Gümnaasium;statsionaarne õpe;25;100;54,8;54,8;54;14,6;0;0;30;82;48,7;60,8
2019;Eesti keel (riigieksam 2019);4550;M;põhikool või gümnaasium;eesti;Eesti keel;Harju maakond;Tallinna Muusikakeskkool;statsionaarne õpe;5;100;59,6;59,6;66;22,5;0;0;29;82;31,7;87,5
2019;Eesti keel (riigieksam 2019);4550;N;põhikool või gümnaasium;eesti;Eesti keel;Pärnu maakond;Lihula Gümnaasium;statsionaarne õpe;13;100;65,9;65,9;74;18;0;0;29;83;55;76,8
2019;Eesti keel (riigieksam 2019);4550;N;kutseõppeasutus;eesti;Eesti keel;Viljandi maakond;Olustvere Teenindus- ja Maamajanduskool;statsionaarne õpe - koolipõhine õpe;6;100;56,5;56,5;55,5;25,7;0;0;17;88;29,6;83,4
2019;Eesti keel (riigieksam 2019);4550;N;põhikool või gümnaasium;eesti;Eesti keel;Harju maakond;Jüri Gümnaasium;statsionaarne õpe;33;100;67,2;67,2;69;13,3;0;0;35;96;62,4;71,9
2019;Eesti keel (riigieksam 2019);4550;M;põhikool või gümnaasium;eesti;Eesti keel;Harju maakond;Tallinna Vaba Waldorfkool;statsionaarne õpe;10;100;40,2;40,2;39;12,4;0;0;22;62;31,4;49
2019;Eesti keel (riigieksam 2019);4550;M;põhikool või gümnaasium;eesti;Eesti keel;Järva maakond;Paide Täiskasvanute Keskkool;mittestatsionaarne õpe;5;100;42,2;42,2;35;24;0;0;16;78;12,4;72
2019;Eesti keel (riigieksam 2019);4550;M;põhikool või gümnaasium;eesti;Eesti keel;Tartu maakond;Rõngu Keskkool;statsionaarne õpe;8;100;59,5;59,5;59;17,1;0;0;37;81;45,2;73,8
2019;Eesti keel (riigieksam 2019);4550;N;põhikool või gümnaasium;eesti;Eesti keel;Jõgeva maakond;Avinurme Gümnaasium;statsionaarne õpe;6;100;68;68;72;15,1;0;0;41;84;52,2;83,8
2019;Eesti keel (riigieksam 2019);4550;N;põhikool või gümnaasium;eesti;Eesti keel;Lääne maakond;Haapsalu Täiskasvanute Gümnaasium;mittestatsionaarne õpe;7;100;47,7;47,7;41;20;0;0;27;85;29,2;66,2
2019;Eesti keel (riigieksam 2019);4550;N;põhikool või gümnaasium;eesti;Eesti keel;Tartu maakond;Ülenurme Gümnaasium;statsionaarne õpe;22;100;65,8;65,8;62,5;14,2;0;0;39;88;59,5;72,1
2019;Eesti keel (riigieksam 2019);4550;M;põhikool või gümnaasium;eesti;Eesti keel;Harju maakond;Tallinna Nõmme Gümnaasium;statsionaarne õpe;24;100;51,7;51,7;55,5;18;0;0;14;81;44,1;59,3
2019;Eesti keel (riigieksam 2019);4550;N;põhikool või gümnaasium;eesti;Eesti keel;Harju maakond;Tallinna Kristiine Gümnaasium;statsionaarne õpe;14;100;63,3;63,3;60,5;16,1;0;0;34;92;54;72,6
2019;Eesti keel (riigieksam 2019);4550;N;põhikool või gümnaasium;eesti;Eesti keel;Viljandi maakond;Viljandi Gümnaasium;statsionaarne õpe;102;100;71,8;71,8;73,5;13,5;0;0;29;98;69,2;74,5
2019;Eesti keel (riigieksam 2019);4550;M;põhikool või gümnaasium;eesti;Eesti keel;Harju maakond;Rocca al Mare Kool;statsionaarne õpe;25;100;60,5;60,5;59;11,1;0;0;42;81;55,9;65,1
2019;Eesti keel (riigieksam 2019);4550;N;põhikool või gümnaasium;eesti;Eesti keel;Võru maakond;Parksepa Keskkool;statsionaarne õpe;25;100;56,9;56,9;52;14,2;0;0;29;87;51,1;62,8
2019;Eesti keel (riigieksam 2019);4550;N;põhikool või gümnaasium;eesti;Eesti keel;Harju maakond;Tallinna Järveotsa Gümnaasium;statsionaarne õpe;18;100;67,4;67,4;65;13,7;0;0;34;86;60,6;74,2
2019;Eesti keel (riigieksam 2019);4550;N;põhikool või gümnaasium;eesti;Eesti keel;Lääne-Viru maakond;Väike-Maarja Gümnaasium;statsionaarne õpe;7;100;71,7;71,7;77;9,8;0;0;55;82;62,7;80,8
2019;Eesti keel (riigieksam 2019);4550;N;põhikool või gümnaasium;eesti;Eesti keel;Harju maakond;Rocca al Mare Kool;statsionaarne õpe;46;100;73,8;73,8;74,5;14,7;0;1;38;100;69,4;78,2
2019;Eesti keel (riigieksam 2019);4550;N;põhikool või gümnaasium;eesti;Eesti keel;Harju maakond;Tallinna Lilleküla Gümnaasium;statsionaarne õpe;30;100;61,2;61,2;62,5;11,3;0;0;38;81;56,9;65,4
2019;Eesti keel (riigieksam 2019);4550;N;põhikool või gümnaasium;eesti;Eesti keel;Harju maakond;Kallavere Keskkool;statsionaarne õpe;8;100;56;56;57;10,9;0;0;38;71;46,9;65,1
